Data,votos_a_favor_gov,id
17/10/2001,0.7383177570093458,PDC 381/1999
11/12/2001,0.9419953596287703,PEC 203/1995
17/10/2001,0.8585131894484412,PEC 222/2000
17/10/2001,0.8585131894484412,PEC 222/2000
17/10/2001,0.8585131894484412,PEC 222/2000
17/10/2001,0.8585131894484412,PEC 222/2000
17/10/2001,0.8585131894484412,PEC 222/2000
17/10/2001,0.8585131894484412,PEC 222/2000
17/10/2001,0.8585131894484412,PEC 222/2000
2/10/2001,0.9813333333333333,PEC 277/2000
2/10/2001,0.9813333333333333,PEC 277/2000
23/10/2001,0.9975124378109452,PEC 289/2000
19/6/2001,0.9936507936507937,PL 1733/1996
20/3/2001,0.6205128205128205,PL 2155/1999
28/3/2001,0.9144254278728606,PL 3115/1997
19/6/2001,0.997134670487106,PL 3242/2000
20/6/2001,0.5461538461538461,PL 3267/2000
21/3/2001,0.923728813559322,PL 3524/2000
28/3/2001,0.7116279069767442,PL 3639/2000
27/3/2001,0.772020725388601,PL 3657/1989
13/3/2001,0.6890547263681592,PL 3755/2000
4/4/2001,0.6912928759894459,PL 3998/2001
30/11/1999,0.8969072164948454,PLP 8/1999
30/11/1999,0.8969072164948454,PLP 8/1999
30/11/1999,0.8969072164948454,PLP 8/1999
30/11/1999,0.8969072164948454,PLP 8/1999
30/11/1999,0.8969072164948454,PLP 8/1999
30/11/1999,0.8969072164948454,PLP 8/1999
24/5/2000,0.7416020671834626,PLP 9/1999
24/5/2000,0.7416020671834626,PLP 9/1999
24/5/2000,0.7416020671834626,PLP 9/1999
24/5/2000,0.7416020671834626,PLP 9/1999
24/5/2000,0.7416020671834626,PLP 9/1999
24/5/2000,0.7416020671834626,PLP 9/1999
24/5/2000,0.7416020671834626,PLP 9/1999
24/5/2000,0.7416020671834626,PLP 9/1999
24/5/2000,0.7416020671834626,PLP 9/1999
24/5/2000,0.7416020671834626,PLP 9/1999
24/11/1999,0.8652694610778443,PLP 10/1999
24/11/1999,0.8652694610778443,PLP 10/1999
24/11/1999,0.8652694610778443,PLP 10/1999
16/11/1999,0.9859943977591037,PLP 23/1999
6/2/2001,0.6730769230769231,PLP 116/2000
6/2/2001,0.6730769230769231,PLP 116/2000
22/8/2001,0.002770083102493075,PLP 242/1998
16/5/2001,0.9975308641975309,PLP 177/2001
16/5/2001,0.9975308641975309,PLP 177/2001
16/5/2001,0.9975308641975309,PLP 177/2001
16/5/2001,0.9975308641975309,PLP 177/2001
16/5/2001,0.9975308641975309,PLP 177/2001
16/5/2001,0.9975308641975309,PLP 177/2001
16/5/2001,0.9975308641975309,PLP 177/2001
16/5/2001,0.9975308641975309,PLP 177/2001
16/5/2001,0.9975308641975309,PLP 177/2001
7/8/2001,0.9486486486486486,PL 4143/2001
4/4/2001,0.6691358024691358,PL 4177/2001
4/4/2001,0.6691358024691358,PL 4177/2001
15/5/2001,0.6648936170212766,PL 4210/2001
23/5/2001,0.6973684210526315,PLP 195/2001
23/5/2001,0.6973684210526315,PLP 195/2001
23/5/2001,0.6973684210526315,PLP 195/2001
23/5/2001,0.6973684210526315,PLP 195/2001
23/5/2001,0.6973684210526315,PLP 195/2001
23/5/2001,0.6973684210526315,PLP 195/2001
23/5/2001,0.6973684210526315,PLP 195/2001
23/5/2001,0.6973684210526315,PLP 195/2001
23/5/2001,0.6973684210526315,PLP 195/2001
23/5/2001,0.6973684210526315,PLP 195/2001
16/8/2001,0.6470588235294118,REC 144/2001
1/8/2001,0.9938271604938271,MSC 527/2001
21/8/2001,0.9855491329479769,PRC 176/2001
7/11/2001,0.9948051948051948,PL 5470/2001
7/11/2001,0.9948051948051948,PL 5470/2001
27/11/2001,0.657074340527578,PL 5483/2001
27/11/2001,0.657074340527578,PL 5483/2001
27/11/2001,0.657074340527578,PL 5483/2001
27/11/2001,0.657074340527578,PL 5483/2001
27/11/2001,0.657074340527578,PL 5483/2001
11/12/2001,0.9419953596287703,PEC 203/1995
23/10/2001,0.9975124378109452,PEC 289/2000
18/12/2002,0.9902912621359223,PLP 1/1991
20/2/2002,0.8463476070528967,PEC 407/2001
20/2/2002,0.8463476070528967,PEC 407/2001
20/2/2002,0.8463476070528967,PEC 407/2001
20/2/2002,0.8463476070528967,PEC 407/2001
20/2/2002,0.8463476070528967,PEC 407/2001
20/2/2002,0.8463476070528967,PEC 407/2001
20/2/2002,0.8463476070528967,PEC 407/2001
20/2/2002,0.8463476070528967,PEC 407/2001
20/2/2002,0.8463476070528967,PEC 407/2001
20/2/2002,0.8463476070528967,PEC 407/2001
20/2/2002,0.8463476070528967,PEC 407/2001
20/2/2002,0.8463476070528967,PEC 407/2001
26/2/2002,0.5243619489559165,MPV 11/2001
10/4/2002,0.7313432835820896,MPV 14/2001
10/4/2002,0.7313432835820896,MPV 14/2001
10/4/2002,0.7313432835820896,MPV 14/2001
16/4/2002,0.8857142857142857,MPV 16/2001
17/4/2002,0.8703170028818443,MPV 22/2002
17/4/2002,0.7296650717703349,MPV 26/2002
11/12/2002,0.9764309764309764,PL 6770/2002
11/12/2002,0.9764309764309764,PL 6770/2002
5/11/2002,0.617363344051447,MPV 44/2002
11/12/2002,0.6691919191919192,MPV 66/2002
27/11/2002,0.7820895522388059,MPV 70/2002
11/12/2002,0.9733333333333334,PLP 347/2002
11/12/2002,0.9733333333333334,PLP 347/2002
2/4/2003,0.9929742388758782,PEC 53/1999
2/4/2003,0.9929742388758782,PEC 53/1999
2/4/2003,0.9929742388758782,PEC 53/1999
19/11/2003,1.0,PEC 254/2000
19/11/2003,1.0,PEC 254/2000
2/7/2003,1.0,PEC 306/2000
2/7/2003,1.0,PEC 306/2000
2/12/2003,0.9971098265895953,PEC 575/1998
19/3/2003,0.7305122494432071,PL 2681/1996
30/7/2003,0.9962825278810409,PL 3464/2000
25/6/2003,0.8197530864197531,PL 3731/1997
15/10/2003,0.7357357357357357,PL 4376/1993
19/8/2003,0.7911764705882353,PL 4572/1998
19/8/2003,0.7911764705882353,PL 4572/1998
3/12/2003,1.0,PLP 52/1999
3/12/2003,0.996996996996997,PLP 224/2001
25/2/2003,0.9916434540389972,MSC 48/2002
19/11/2003,0.5938461538461538,PEC 544/2002
30/7/2003,1.0,PL 7136/2002
12/3/2003,0.7135549872122762,MPV 79/2002
12/3/2003,0.7135549872122762,MPV 79/2002
12/6/2003,0.9965397923875432,PL 58/2003
26/3/2003,0.7060367454068242,MPV 82/2002
26/3/2003,0.7060367454068242,MPV 82/2002
1/4/2003,0.97,MPV 86/2002
22/4/2003,0.5518072289156627,MPV 94/2002
15/4/2003,0.518324607329843,MPV 103/2003
23/4/2003,0.8179551122194514,MPV 104/2003
8/4/2003,0.7380352644836272,MPV 106/2003
29/4/2003,0.6243654822335025,MPV 107/2003
29/4/2003,0.6243654822335025,MPV 107/2003
29/4/2003,0.6243654822335025,MPV 107/2003
29/4/2003,0.6243654822335025,MPV 107/2003
29/4/2003,0.6243654822335025,MPV 107/2003
29/4/2003,0.6243654822335025,MPV 107/2003
29/4/2003,0.6243654822335025,MPV 107/2003
19/11/2003,0.9049079754601227,PL 475/2003
20/5/2003,0.9951338199513382,MPV 114/2003
22/5/2003,0.8169642857142857,MPV 116/2003
22/5/2003,0.8169642857142857,MPV 116/2003
27/8/2003,0.7877906976744186,PEC 40/2003
27/8/2003,0.7877906976744186,PEC 40/2003
27/8/2003,0.7877906976744186,PEC 40/2003
27/8/2003,0.7877906976744186,PEC 40/2003
27/8/2003,0.7877906976744186,PEC 40/2003
27/8/2003,0.7877906976744186,PEC 40/2003
27/8/2003,0.7877906976744186,PEC 40/2003
27/8/2003,0.7877906976744186,PEC 40/2003
27/8/2003,0.7877906976744186,PEC 40/2003
27/8/2003,0.7877906976744186,PEC 40/2003
27/8/2003,0.7877906976744186,PEC 40/2003
27/8/2003,0.7877906976744186,PEC 40/2003
27/8/2003,0.7877906976744186,PEC 40/2003
27/8/2003,0.7877906976744186,PEC 40/2003
27/8/2003,0.7877906976744186,PEC 40/2003
27/8/2003,0.7877906976744186,PEC 40/2003
27/8/2003,0.7877906976744186,PEC 40/2003
27/8/2003,0.7877906976744186,PEC 40/2003
27/8/2003,0.7877906976744186,PEC 40/2003
27/8/2003,0.7877906976744186,PEC 40/2003
27/8/2003,0.7877906976744186,PEC 40/2003
27/8/2003,0.7877906976744186,PEC 40/2003
2/9/2003,0.7790368271954674,PEC 41/2003
2/9/2003,0.7790368271954674,PEC 41/2003
2/9/2003,0.7790368271954674,PEC 41/2003
2/9/2003,0.7790368271954674,PEC 41/2003
2/9/2003,0.7790368271954674,PEC 41/2003
2/9/2003,0.7790368271954674,PEC 41/2003
2/9/2003,0.7790368271954674,PEC 41/2003
2/9/2003,0.7790368271954674,PEC 41/2003
2/9/2003,0.7790368271954674,PEC 41/2003
2/9/2003,0.7790368271954674,PEC 41/2003
2/9/2003,0.7790368271954674,PEC 41/2003
2/9/2003,0.7790368271954674,PEC 41/2003
2/9/2003,0.7790368271954674,PEC 41/2003
2/9/2003,0.7790368271954674,PEC 41/2003
2/9/2003,0.7790368271954674,PEC 41/2003
2/9/2003,0.7790368271954674,PEC 41/2003
2/9/2003,0.7790368271954674,PEC 41/2003
2/9/2003,0.7790368271954674,PEC 41/2003
2/9/2003,0.7790368271954674,PEC 41/2003
2/9/2003,0.7790368271954674,PEC 41/2003
2/9/2003,0.7790368271954674,PEC 41/2003
2/9/2003,0.7790368271954674,PEC 41/2003
2/9/2003,0.7790368271954674,PEC 41/2003
2/9/2003,0.7790368271954674,PEC 41/2003
2/9/2003,0.7790368271954674,PEC 41/2003
2/9/2003,0.7790368271954674,PEC 41/2003
2/9/2003,0.7790368271954674,PEC 41/2003
2/9/2003,0.7790368271954674,PEC 41/2003
2/9/2003,0.7790368271954674,PEC 41/2003
2/9/2003,0.7790368271954674,PEC 41/2003
2/9/2003,0.7790368271954674,PEC 41/2003
2/9/2003,0.7790368271954674,PEC 41/2003
2/9/2003,0.7790368271954674,PEC 41/2003
4/6/2003,0.9921465968586387,PLP 41/2003
4/6/2003,0.7638190954773869,MSC 199/2003 => PEC 175/1995
10/6/2003,0.6574585635359116,PL 1083/2003
12/6/2003,0.9962962962962963,PLP 58/2003
12/6/2003,0.9962962962962963,PLP 58/2003
29/7/2003,0.7477744807121661,MPV 120/2003
29/7/2003,0.7477744807121661,MPV 120/2003
12/8/2003,0.7987987987987988,MPV 121/2003
12/8/2003,0.7987987987987988,MPV 121/2003
12/8/2003,0.7987987987987988,MPV 121/2003
12/8/2003,0.7987987987987988,MPV 121/2003
12/8/2003,0.8158567774936062,MPV 122/2003
1/10/2003,0.9471947194719472,PL 1503/2003
31/7/2003,0.8766233766233766,PLP 72/2003
31/7/2003,0.8766233766233766,PLP 72/2003
31/7/2003,0.8766233766233766,PLP 72/2003
31/7/2003,0.8766233766233766,PLP 72/2003
31/7/2003,0.8766233766233766,PLP 72/2003
31/7/2003,0.8766233766233766,PLP 72/2003
31/7/2003,0.8766233766233766,PLP 72/2003
31/7/2003,0.8766233766233766,PLP 72/2003
23/10/2003,0.8875968992248062,PL 1555/2003
28/8/2003,0.37735849056603776,MPV 124/2003
30/7/2003,0.9966887417218543,PLP 73/2003
15/9/2003,0.8907849829351536,MPV 125/2003
15/9/2003,0.8907849829351536,MPV 125/2003
15/9/2003,0.8907849829351536,MPV 125/2003
15/9/2003,0.8907849829351536,MPV 125/2003
16/9/2003,0.887719298245614,MPV 126/2003
16/9/2003,0.887719298245614,MPV 126/2003
16/9/2003,0.887719298245614,MPV 126/2003
26/11/2003,0.7952127659574468,PL 1840/2003
26/11/2003,0.7952127659574468,PL 1840/2003
26/11/2003,0.7952127659574468,PL 1840/2003
26/11/2003,0.7952127659574468,PL 1840/2003
28/10/2003,0.7473309608540926,PL 1936/2003
25/11/2003,0.9099099099099099,MPV 129/2003
25/11/2003,0.8273615635179153,MPV 130/2003
25/11/2003,0.8273615635179153,MPV 130/2003
12/11/2003,0.6833333333333333,MPV 131/2003
17/12/2003,0.826797385620915,MPV 132/2003
17/12/2003,0.826797385620915,MPV 132/2003
17/12/2003,0.8603896103896104,MPV 133/2003
18/12/2003,0.8805460750853242,MPV 135/2003
18/12/2003,0.8805460750853242,MPV 135/2003
18/12/2003,0.8805460750853242,MPV 135/2003
18/12/2003,0.8805460750853242,MPV 135/2003
19/11/2003,1.0,PEC 254/2000
2/12/2003,0.9971098265895953,PEC 575/1998
11/8/2004,0.9478260869565217,PEC 438/2001
12/5/2004,0.02666666666666667,PEC 574/2002
12/5/2004,0.02666666666666667,PEC 574/2002
12/5/2004,0.02666666666666667,PEC 574/2002
22/1/2004,0.6696428571428571,PDC 13/2003
11/8/2004,0.9398280802292264,PLP 22/2003
31/7/2003,0.8766233766233766,PLP 72/2003
31/7/2003,0.8766233766233766,PLP 72/2003
31/7/2003,0.8766233766233766,PLP 72/2003
31/7/2003,0.8766233766233766,PLP 72/2003
1/6/2004,0.7777777777777778,PLP 76/2003
1/6/2004,0.7777777777777778,PLP 76/2003
12/5/2004,0.9767441860465116,MSC 411/2003
1/6/2004,0.7879746835443038,PL 2399/2003
1/6/2004,0.7879746835443038,PL 2399/2003
1/6/2004,0.7879746835443038,PL 2399/2003
21/1/2004,0.7562326869806094,PL 2401/2003
21/1/2004,0.7562326869806094,PL 2401/2003
21/1/2004,0.7562326869806094,PL 2401/2003
21/1/2004,0.7901554404145078,MPV 136/2003
21/1/2004,0.7885117493472585,PL 2546/2003
2/3/2004,0.8943661971830986,MPV 140/2003
2/3/2004,0.8943661971830986,MPV 140/2003
27/1/2004,0.8038585209003215,MPV 139/2003
27/1/2004,0.8038585209003215,MPV 139/2003
27/1/2004,0.8038585209003215,MPV 139/2003
3/3/2004,0.8210862619808307,MPV 143/2003
28/1/2004,0.7661538461538462,MPV 144/2003
28/1/2004,0.7661538461538462,MPV 144/2003
28/1/2004,0.7661538461538462,MPV 144/2003
28/1/2004,0.7661538461538462,MPV 144/2003
23/3/2004,0.7590361445783133,MPV 147/2003
10/3/2004,0.5909090909090909,MPV 148/2003
6/4/2004,0.8013468013468014,MPV 153/2003
6/4/2004,0.8013468013468014,MPV 153/2003
6/4/2004,0.8013468013468014,MPV 153/2003
6/4/2004,0.8013468013468014,MPV 153/2003
6/4/2004,0.8013468013468014,MPV 153/2003
11/3/2004,0.7883597883597884,MPV 154/2003
11/3/2004,0.7883597883597884,MPV 154/2003
27/4/2004,0.7517006802721088,MPV 155/2003
27/4/2004,0.7517006802721088,MPV 155/2003
13/4/2004,0.7373134328358208,MPV 160/2003
13/4/2004,0.7373134328358208,MPV 160/2003
8/7/2004,0.984251968503937,PEC 227/2004
8/7/2004,0.984251968503937,PEC 227/2004
24/3/2004,0.997093023255814,PEC 228/2004
24/3/2004,0.997093023255814,PEC 228/2004
11/3/2004,0.8407079646017699,MPV 161/2004
17/2/2004,0.8483870967741935,MSC 62/2004
30/3/2004,0.7801204819277109,MPV 165/2004
30/3/2004,0.7801204819277109,MPV 165/2004
30/3/2004,0.7801204819277109,MPV 165/2004
28/4/2004,0.7314285714285714,MPV 166/2004
23/3/2004,0.6960227272727273,MPV 168/2004
23/3/2004,0.6960227272727273,MPV 168/2004
5/5/2004,0.7872340425531915,MPV 169/2004
8/6/2004,0.8019169329073482,MPV 177/2004
8/6/2004,0.8019169329073482,MPV 177/2004
19/5/2004,0.7666666666666667,MPV 179/2004
2/6/2004,0.7962382445141066,MPV 182/2004
2/6/2004,0.7962382445141066,MPV 182/2004
2/6/2004,0.7962382445141066,MPV 182/2004
2/6/2004,0.7962382445141066,MPV 182/2004
5/7/2004,0.7867647058823529,MPV 183/2004
5/7/2004,0.7867647058823529,MPV 183/2004
5/7/2004,0.7867647058823529,MPV 183/2004
5/7/2004,0.7867647058823529,MPV 183/2004
5/7/2004,0.7867647058823529,MPV 183/2004
5/7/2004,0.7867647058823529,MPV 183/2004
5/7/2004,0.7867647058823529,MPV 183/2004
12/5/2004,0.98,PL 3476/2004
12/5/2004,0.7117437722419929,MSC 205/2004
12/5/2004,0.7117437722419929,MSC 205/2004
12/5/2004,0.8385093167701864,MSC 210/2004
15/12/2004,0.4308510638297872,PEC 285/2004
11/8/2004,0.9663865546218487,PLP 188/2004
25/8/2004,0.5691056910569106,MPV 192/2004
25/8/2004,0.5691056910569106,MPV 192/2004
25/8/2004,0.5691056910569106,MPV 192/2004
25/8/2004,0.5691056910569106,MPV 192/2004
19/10/2004,0.9078341013824884,MPV 194/2004
19/10/2004,0.819935691318328,MPV 195/2004
20/10/2004,0.7005494505494505,MPV 196/2004
20/10/2004,0.7005494505494505,MPV 196/2004
20/10/2004,0.7005494505494505,MPV 196/2004
20/10/2004,0.7005494505494505,MPV 196/2004
17/11/2004,0.45977011494252873,MPV 198/2004
17/11/2004,0.45977011494252873,MPV 198/2004
17/11/2004,0.45977011494252873,MPV 198/2004
17/11/2004,0.45977011494252873,MPV 198/2004
17/11/2004,0.45977011494252873,MPV 198/2004
24/11/2004,0.8315789473684211,MPV 200/2004
24/11/2004,0.8315789473684211,MPV 200/2004
24/11/2004,0.7094594594594594,MPV 201/2004
30/11/2004,0.8449367088607594,MPV 206/2004
30/11/2004,0.8449367088607594,MPV 206/2004
30/11/2004,0.7919254658385093,MPV 207/2004
30/11/2004,0.7919254658385093,MPV 207/2004
30/11/2004,0.7919254658385093,MPV 207/2004
30/11/2004,0.7919254658385093,MPV 207/2004
1/12/2004,0.8291139240506329,MPV 208/2004
8/12/2004,0.5985915492957746,MPV 219/2004
8/12/2004,0.5985915492957746,MPV 219/2004
7/12/2005,1.0,PLP 187/1997
18/1/2006,0.9625935162094763,PEC 7/2003
18/1/2006,0.9625935162094763,PEC 7/2003
13/7/2005,0.02252252252252252,PL 1144/2003
21/1/2004,0.7562326869806094,PL 2401/2003
21/1/2004,0.7562326869806094,PL 2401/2003
21/1/2004,0.7562326869806094,PL 2401/2003
21/1/2004,0.7562326869806094,PL 2401/2003
21/1/2004,0.7562326869806094,PL 2401/2003
8/7/2004,0.984251968503937,PEC 227/2004
8/7/2004,0.984251968503937,PEC 227/2004
8/7/2004,0.984251968503937,PEC 227/2004
8/7/2004,0.984251968503937,PEC 227/2004
8/7/2004,0.984251968503937,PEC 227/2004
8/7/2004,0.984251968503937,PEC 227/2004
8/7/2004,0.984251968503937,PEC 227/2004
6/7/2005,0.7587131367292225,PDC 1274/2004
6/7/2005,0.7587131367292225,PDC 1274/2004
23/2/2005,0.759493670886076,MPV 225/2004
29/11/2005,0.9871134020618557,PL 4559/2004
9/3/2005,0.6449864498644986,MPV 227/2004
15/3/2005,0.7379679144385026,MPV 228/2004
19/4/2005,0.6435185185185185,MPV 231/2004
30/3/2005,0.2857142857142857,MPV 232/2004
1/6/2005,0.772972972972973,MPV 241/2005
1/6/2005,0.772972972972973,MPV 241/2005
1/6/2005,0.772972972972973,MPV 241/2005
1/6/2005,0.772972972972973,MPV 241/2005
1/6/2005,0.772972972972973,MPV 241/2005
6/7/2005,0.8075601374570447,PL 4955/2005
16/6/2005,0.047619047619047616,MPV 245/2005
17/8/2005,0.9408284023668639,MPV 248/2005
17/8/2005,0.9408284023668639,MPV 248/2005
17/8/2005,0.9408284023668639,MPV 248/2005
17/8/2005,0.9408284023668639,MPV 248/2005
17/8/2005,0.9408284023668639,MPV 248/2005
17/8/2005,0.9408284023668639,MPV 248/2005
17/8/2005,0.9408284023668639,MPV 248/2005
17/8/2005,0.9408284023668639,MPV 248/2005
28/6/2005,0.7680722891566265,MPV 249/2005
28/6/2005,0.7680722891566265,MPV 249/2005
28/6/2005,0.7680722891566265,MPV 249/2005
4/7/2005,0.6751054852320675,MPV 250/2005
4/7/2005,0.6751054852320675,MPV 250/2005
4/7/2005,0.6751054852320675,MPV 250/2005
29/6/2005,0.711864406779661,PRC 248/2005
29/6/2005,0.711864406779661,PRC 248/2005
31/8/2005,0.7320872274143302,MPV 251/2005
23/8/2005,0.8957055214723927,MPV 252/2005
23/8/2005,0.8957055214723927,MPV 252/2005
23/8/2005,0.8957055214723927,MPV 252/2005
7/12/2005,0.8892508143322475,PL 5524/2005
7/12/2005,0.8892508143322475,PL 5524/2005
7/12/2005,0.8892508143322475,PL 5524/2005
4/10/2005,0.6155988857938719,MPV 255/2005
5/10/2005,0.7692307692307693,MPV 256/2005
5/10/2005,0.7734138972809668,MPV 257/2005
8/11/2005,0.7583081570996979,MPV 258/2005
8/11/2005,0.7583081570996979,MPV 258/2005
8/11/2005,0.7583081570996979,MPV 258/2005
8/11/2005,0.7583081570996979,MPV 258/2005
8/11/2005,0.7583081570996979,MPV 258/2005
8/11/2005,0.7583081570996979,MPV 258/2005
8/11/2005,0.7583081570996979,MPV 258/2005
8/11/2005,0.7583081570996979,MPV 258/2005
8/11/2005,0.7583081570996979,MPV 258/2005
8/11/2005,0.7583081570996979,MPV 258/2005
8/11/2005,0.7583081570996979,MPV 258/2005
8/11/2005,0.7583081570996979,MPV 258/2005
16/11/2005,0.7152103559870551,MPV 260/2005
1/2/2006,0.9691629955947136,PEC 347/1996
1/2/2006,0.9691629955947136,PEC 347/1996
6/12/2006,0.987987987987988,PEC 536/1997
6/12/2006,0.987987987987988,PEC 536/1997
6/12/2006,0.987987987987988,PEC 536/1997
6/12/2006,0.987987987987988,PEC 536/1997
6/12/2006,0.987987987987988,PEC 536/1997
6/12/2006,0.987987987987988,PEC 536/1997
6/12/2006,0.987987987987988,PEC 536/1997
6/12/2006,0.987987987987988,PEC 536/1997
5/9/2006,0.9896907216494846,PEC 349/2001
8/2/2006,0.9896907216494846,PEC 548/2002
8/2/2006,0.9896907216494846,PEC 548/2002
8/2/2006,0.9896907216494846,PEC 548/2002
18/1/2006,0.9625935162094763,PEC 7/2003
18/1/2006,0.9625935162094763,PEC 7/2003
18/1/2006,0.9625935162094763,PEC 7/2003
11/8/2004,0.9398280802292264,PLP 22/2003
11/8/2004,0.9398280802292264,PLP 22/2003
1/6/2004,0.7777777777777778,PLP 76/2003
1/6/2004,0.7777777777777778,PLP 76/2003
18/1/2006,0.9712389380530974,PEC 199/2003
18/1/2006,0.9712389380530974,PEC 199/2003
29/11/2006,1.0,PLP 184/2004
7/2/2006,0.9965277777777778,PL 4428/2004
29/11/2006,0.8875,PL 4591/2004
7/2/2006,0.475177304964539,PL 4776/2005
13/12/2006,0.9420289855072463,PLP 249/2005
13/12/2006,0.9420289855072463,PLP 249/2005
13/12/2006,0.9420289855072463,PLP 249/2005
19/1/2006,0.7310704960835509,MPV 268/2005
31/1/2006,0.6196172248803827,MPV 269/2005
31/1/2006,0.6196172248803827,MPV 269/2005
31/1/2006,0.6196172248803827,MPV 269/2005
13/2/2006,0.7933884297520661,MPV 272/2005
14/2/2006,0.792022792022792,MPV 273/2005
21/2/2006,0.5472222222222223,MPV 275/2005
21/2/2006,0.5472222222222223,MPV 275/2005
21/2/2006,0.5472222222222223,MPV 275/2005
21/2/2006,0.5472222222222223,MPV 275/2005
21/2/2006,0.5472222222222223,MPV 275/2005
14/3/2006,0.781437125748503,MPV 276/2006
14/3/2006,0.781437125748503,MPV 276/2006
14/3/2006,0.781437125748503,MPV 276/2006
28/3/2006,0.8809523809523809,MPV 278/2006
28/3/2006,0.8809523809523809,MPV 278/2006
11/5/2006,0.7702127659574468,MPV 279/2006
11/5/2006,0.7702127659574468,MPV 279/2006
11/4/2006,0.7508650519031141,MPV 280/2006
11/4/2006,0.7508650519031141,MPV 280/2006
11/4/2006,0.7508650519031141,MPV 280/2006
11/4/2006,0.7508650519031141,MPV 280/2006
26/4/2006,0.5523255813953488,MPV 281/2006
27/4/2006,0.7107438016528925,MPV 283/2006
27/4/2006,0.7107438016528925,MPV 283/2006
17/5/2006,0.7537537537537538,MPV 285/2006
17/5/2006,0.7537537537537538,MPV 285/2006
24/1/2006,0.8546255506607929,PEC 536/2006
21/11/2006,0.5344827586206896,MPV 316/2006
22/11/2006,0.9770114942528736,PLP 380/2006
20/12/2006,0.7017045454545454,MPV 327/2006
3/7/2007,1.0,PEC 272/2000
3/7/2007,1.0,PEC 272/2000
24/10/2007,0.710997442455243,PLP 1/2003
24/10/2007,0.710997442455243,PLP 1/2003
24/10/2007,0.710997442455243,PLP 1/2003
24/10/2007,0.710997442455243,PLP 1/2003
24/10/2007,0.710997442455243,PLP 1/2003
24/10/2007,0.710997442455243,PLP 1/2003
24/10/2007,0.710997442455243,PLP 1/2003
24/10/2007,0.710997442455243,PLP 1/2003
24/10/2007,0.710997442455243,PLP 1/2003
15/12/2004,0.4308510638297872,PEC 285/2004
15/12/2004,0.4308510638297872,PEC 285/2004
15/12/2004,0.4308510638297872,PEC 285/2004
15/12/2004,0.4308510638297872,PEC 285/2004
13/3/2007,0.8035714285714286,PL 4125/2004
13/3/2007,0.8035714285714286,PL 4125/2004
13/3/2007,0.8035714285714286,PL 4125/2004
13/3/2007,0.8035714285714286,PL 4125/2004
13/3/2007,0.8035714285714286,PL 4125/2004
14/2/2007,0.9851485148514851,PL 7225/2006
19/9/2007,0.7760416666666666,PEC 558/2006
19/9/2007,0.7760416666666666,PEC 558/2006
19/9/2007,0.7760416666666666,PEC 558/2006
19/9/2007,0.7760416666666666,PEC 558/2006
19/9/2007,0.7760416666666666,PEC 558/2006
19/9/2007,0.7760416666666666,PEC 558/2006
19/9/2007,0.7760416666666666,PEC 558/2006
19/9/2007,0.7760416666666666,PEC 558/2006
19/9/2007,0.7760416666666666,PEC 558/2006
19/9/2007,0.7760416666666666,PEC 558/2006
19/9/2007,0.7760416666666666,PEC 558/2006
19/9/2007,0.7760416666666666,PEC 558/2006
19/9/2007,0.7760416666666666,PEC 558/2006
19/9/2007,0.7760416666666666,PEC 558/2006
19/9/2007,0.7760416666666666,PEC 558/2006
19/9/2007,0.7760416666666666,PEC 558/2006
19/9/2007,0.7760416666666666,PEC 558/2006
19/9/2007,0.7760416666666666,PEC 558/2006
19/9/2007,0.7760416666666666,PEC 558/2006
19/9/2007,0.7760416666666666,PEC 558/2006
19/9/2007,0.7760416666666666,PEC 558/2006
19/9/2007,0.7760416666666666,PEC 558/2006
19/9/2007,0.7760416666666666,PEC 558/2006
19/9/2007,0.7760416666666666,PEC 558/2006
19/9/2007,0.7760416666666666,PEC 558/2006
19/9/2007,0.7760416666666666,PEC 558/2006
19/9/2007,0.7760416666666666,PEC 558/2006
19/9/2007,0.7760416666666666,PEC 558/2006
19/9/2007,0.7760416666666666,PEC 558/2006
19/9/2007,0.7760416666666666,PEC 558/2006
19/9/2007,0.7760416666666666,PEC 558/2006
6/2/2007,0.8077858880778589,MPV 328/2006
12/2/2007,0.7053571428571429,PL 7569/2006
12/2/2007,0.7053571428571429,PL 7569/2006
14/2/2007,0.7061503416856492,MPV 332/2006
13/3/2007,0.7839195979899497,MPV 335/2006
13/3/2007,0.7839195979899497,MPV 335/2006
13/3/2007,0.7839195979899497,MPV 335/2006
13/3/2007,0.7839195979899497,MPV 335/2006
26/2/2007,0.7037037037037037,MPV 336/2006
28/2/2007,0.7340909090909091,MPV 338/2006
2/4/2007,0.7764705882352941,MPV 339/2006
2/4/2007,0.7764705882352941,MPV 339/2006
2/4/2007,0.7764705882352941,MPV 339/2006
2/4/2007,0.7764705882352941,MPV 339/2006
2/4/2007,0.7764705882352941,MPV 339/2006
2/4/2007,0.7764705882352941,MPV 339/2006
2/4/2007,0.7764705882352941,MPV 339/2006
2/4/2007,0.7764705882352941,MPV 339/2006
2/4/2007,0.7764705882352941,MPV 339/2006
2/4/2007,0.7764705882352941,MPV 339/2006
17/4/2007,0.7763157894736842,MPV 340/2006
17/4/2007,0.7763157894736842,MPV 340/2006
17/4/2007,0.7763157894736842,MPV 340/2006
3/4/2007,0.7868852459016393,MPV 341/2006
3/4/2007,0.7868852459016393,MPV 341/2006
3/4/2007,0.7868852459016393,MPV 341/2006
3/4/2007,0.7868852459016393,MPV 341/2006
27/2/2007,0.8653421633554084,MPV 344/2007
11/4/2007,0.9153439153439153,MPV 347/2007
11/4/2007,0.9153439153439153,MPV 347/2007
11/4/2007,0.9261363636363636,MPV 348/2007
11/4/2007,0.9261363636363636,MPV 348/2007
11/4/2007,0.9261363636363636,MPV 348/2007
11/4/2007,0.9261363636363636,MPV 348/2007
17/4/2007,0.7446300715990454,MPV 349/2007
17/4/2007,0.7446300715990454,MPV 349/2007
17/4/2007,0.7446300715990454,MPV 349/2007
18/4/2007,0.9476584022038568,MPV 351/2007
18/4/2007,0.9476584022038568,MPV 351/2007
18/4/2007,0.9476584022038568,MPV 351/2007
18/4/2007,0.9164556962025316,MPV 352/2007
26/3/2007,0.7365079365079366,MPV 346/2007
28/2/2007,0.6629213483146067,MPV 354/2007
21/3/2007,0.731764705882353,REC 14/2007 => RCP 1/2007
21/3/2007,0.731764705882353,REC 14/2007 => RCP 1/2007
2/5/2007,0.7383177570093458,MPV 357/2007
26/6/2007,0.918918918918919,MPV 358/2007
26/6/2007,0.918918918918919,MPV 358/2007
26/6/2007,0.918918918918919,MPV 358/2007
8/5/2007,0.7081081081081081,MPV 359/2007
15/5/2007,0.7720588235294118,MPV 360/2007
15/5/2007,0.7720588235294118,MPV 360/2007
16/5/2007,0.7505668934240363,MPV 362/2007
9/5/2007,0.5781637717121588,PL 696/2007
4/6/2007,0.7982456140350878,MPV 363/2007
5/6/2007,0.7469586374695864,MPV 364/2007
5/6/2007,0.7469586374695864,MPV 364/2007
12/6/2007,0.5966587112171837,MPV 366/2007
14/6/2007,0.7804878048780488,MPV 369/2007
14/6/2007,0.7804878048780488,MPV 369/2007
14/6/2007,0.7804878048780488,MPV 369/2007
14/6/2007,0.7804878048780488,MPV 369/2007
23/5/2007,0.7106481481481481,REC 42/2007 => PL 1/2007
9/5/2007,0.2465753424657534,PEC 58/2007
9/5/2007,0.2465753424657534,PEC 58/2007
9/5/2007,0.2465753424657534,PEC 58/2007
9/5/2007,0.2465753424657534,PEC 58/2007
10/7/2007,0.8920634920634921,MPV 372/2007
10/7/2007,0.8920634920634921,MPV 372/2007
4/9/2007,0.8504983388704319,MPV 373/2007
4/9/2007,0.8504983388704319,MPV 373/2007
4/9/2007,0.8504983388704319,MPV 373/2007
30/5/2007,0.8894117647058823,PL 1210/2007
30/5/2007,0.8894117647058823,PL 1210/2007
30/5/2007,0.8894117647058823,PL 1210/2007
30/5/2007,0.8894117647058823,PL 1210/2007
30/5/2007,0.8894117647058823,PL 1210/2007
30/5/2007,0.8894117647058823,PL 1210/2007
30/5/2007,0.8894117647058823,PL 1210/2007
22/8/2007,0.7747252747252747,MPV 375/2007
22/8/2007,0.7747252747252747,MPV 375/2007
22/8/2007,0.7747252747252747,MPV 375/2007
22/8/2007,0.7747252747252747,MPV 375/2007
22/8/2007,0.7747252747252747,MPV 375/2007
22/8/2007,0.7747252747252747,MPV 375/2007
5/9/2007,0.7060240963855422,MPV 377/2007
5/9/2007,0.7060240963855422,MPV 377/2007
5/9/2007,0.7060240963855422,MPV 377/2007
2/10/2007,0.9255663430420712,MPV 378/2007
2/10/2007,0.9255663430420712,MPV 378/2007
2/10/2007,0.9255663430420712,MPV 378/2007
2/10/2007,0.9255663430420712,MPV 378/2007
2/10/2007,0.9255663430420712,MPV 378/2007
2/10/2007,0.9255663430420712,MPV 378/2007
2/10/2007,0.9255663430420712,MPV 378/2007
2/10/2007,0.9255663430420712,MPV 378/2007
3/7/2007,0.9971751412429378,PLP 79/2007
3/7/2007,0.9971751412429378,PLP 79/2007
18/9/2007,0.8034188034188035,MPV 381/2007
18/9/2007,0.8034188034188035,MPV 381/2007
18/9/2007,0.8034188034188035,MPV 381/2007
18/9/2007,0.8034188034188035,MPV 381/2007
18/9/2007,0.8034188034188035,MPV 381/2007
18/9/2007,0.8034188034188035,MPV 381/2007
18/9/2007,0.8034188034188035,MPV 381/2007
8/10/2007,0.7987220447284346,MPV 384/2007
8/10/2007,0.7987220447284346,MPV 384/2007
8/10/2007,0.7987220447284346,MPV 384/2007
8/10/2007,0.7987220447284346,MPV 384/2007
8/10/2007,0.7987220447284346,MPV 384/2007
8/10/2007,0.7987220447284346,MPV 384/2007
8/10/2007,0.7987220447284346,MPV 384/2007
16/10/2007,0.7621621621621621,MPV 386/2007
18/10/2007,0.36507936507936506,MPV 387/2007
18/10/2007,0.36507936507936506,MPV 387/2007
18/10/2007,0.36507936507936506,MPV 387/2007
18/10/2007,0.36507936507936506,MPV 387/2007
20/11/2007,0.536697247706422,MPV 388/2007
17/10/2007,0.42036553524804177,PL 1990/2007
17/10/2007,0.42036553524804177,PL 1990/2007
17/10/2007,0.42036553524804177,PL 1990/2007
25/10/2007,0.2,MPV 390/2007
25/10/2007,0.2,MPV 390/2007
25/10/2007,0.2,MPV 390/2007
6/11/2007,0.7479224376731302,MPV 391/2007
6/11/2007,0.7420814479638009,MPV 392/2007
25/9/2007,0.8534883720930233,PL 2086/2007
21/11/2007,0.8485804416403786,MPV 394/2007
21/11/2007,0.8485804416403786,MPV 394/2007
17/10/2007,0.7518987341772152,PL 2105/2007
12/11/2008,0.9973890339425587,PEC 138/2003
12/11/2008,0.9973890339425587,PEC 138/2003
12/11/2008,0.9973890339425587,PEC 138/2003
12/11/2008,0.9973890339425587,PEC 138/2003
12/11/2008,0.9973890339425587,PEC 138/2003
13/8/2008,0.9969512195121951,PLP 177/2004
29/11/2006,1.0,PLP 184/2004
27/5/2008,0.9744186046511628,PEC 333/2004
27/5/2008,0.9744186046511628,PEC 333/2004
3/12/2008,0.9945945945945946,PEC 495/2006
3/12/2008,0.9945945945945946,PEC 495/2006
13/8/2008,0.9967532467532467,PLP 2/2007
13/8/2008,0.9967532467532467,PLP 2/2007
18/11/2008,0.8454545454545455,PL 940/2007
18/3/2008,0.7815384615384615,MPV 385/2007
18/3/2008,0.7815384615384615,MPV 385/2007
18/3/2008,0.7815384615384615,MPV 385/2007
18/3/2008,0.7815384615384615,MPV 385/2007
18/3/2008,0.7815384615384615,MPV 385/2007
18/3/2008,0.7815384615384615,MPV 385/2007
19/11/2008,0.7387862796833773,REC 90/2007 => PL 836/2003
17/10/2007,0.42036553524804177,PL 1990/2007
13/2/2008,0.7439293598233996,MPV 397/2007
19/2/2008,0.8047493403693932,MPV 398/2007
19/2/2008,0.8047493403693932,MPV 398/2007
19/2/2008,0.8047493403693932,MPV 398/2007
19/2/2008,0.8047493403693932,MPV 398/2007
19/2/2008,0.8047493403693932,MPV 398/2007
19/2/2008,0.8047493403693932,MPV 398/2007
19/2/2008,0.8047493403693932,MPV 398/2007
27/2/2008,0.7570332480818415,MPV 399/2007
17/12/2008,0.9069069069069069,PDC 387/2007
17/12/2008,0.9069069069069069,PDC 387/2007
27/2/2008,0.7494033412887828,MPV 400/2007
28/5/2008,1.0,PLP 132/2007
28/5/2008,1.0,PLP 132/2007
27/5/2008,0.9407407407407408,PL 2468/2007
5/3/2008,0.7973856209150327,MPV 402/2007
5/3/2008,0.7973856209150327,MPV 402/2007
5/3/2008,0.7973856209150327,MPV 402/2007
5/3/2008,0.7973856209150327,MPV 402/2007
20/8/2008,0.9965635738831615,PLP 144/2007
11/3/2008,0.8521739130434782,MPV 404/2007
11/3/2008,0.8521739130434782,MPV 404/2007
11/3/2008,0.8521739130434782,MPV 404/2007
26/3/2008,0.873015873015873,MPV 405/2007
26/3/2008,0.873015873015873,MPV 405/2007
26/3/2008,0.873015873015873,MPV 405/2007
26/3/2008,0.873015873015873,MPV 405/2007
26/3/2008,0.873015873015873,MPV 405/2007
26/3/2008,0.873015873015873,MPV 405/2007
26/3/2008,0.873015873015873,MPV 405/2007
26/3/2008,0.873015873015873,MPV 405/2007
1/4/2008,0.7675070028011205,MPV 406/2007
2/4/2008,0.7777777777777778,MPV 408/2007
8/4/2008,0.8298507462686567,MPV 409/2007
8/4/2008,0.8298507462686567,MPV 409/2007
28/5/2008,0.8052325581395349,MPV 410/2007
29/4/2008,0.7288135593220338,MPV 413/2008
29/4/2008,0.7288135593220338,MPV 413/2008
29/4/2008,0.7288135593220338,MPV 413/2008
22/4/2008,0.760806916426513,MPV 414/2008
23/4/2008,0.5186915887850467,MPV 415/2008
23/4/2008,0.5186915887850467,MPV 415/2008
6/5/2008,0.85,MPV 418/2008
7/5/2008,0.7661971830985915,MPV 420/2008
7/5/2008,0.6165919282511211,MPV 421/2008
13/5/2008,0.7225,MPV 422/2008
13/5/2008,0.7225,MPV 422/2008
3/6/2008,0.8388157894736842,MPV 424/2008
3/6/2008,0.8388157894736842,MPV 424/2008
3/6/2008,0.8388157894736842,MPV 424/2008
3/6/2008,0.8388157894736842,MPV 424/2008
3/6/2008,0.8388157894736842,MPV 424/2008
17/6/2008,0.8433333333333334,MPV 425/2008
17/6/2008,0.8433333333333334,MPV 425/2008
17/6/2008,0.8433333333333334,MPV 425/2008
10/6/2008,0.7945619335347432,PLP 306/2008
10/6/2008,0.7945619335347432,PLP 306/2008
10/6/2008,0.7945619335347432,PLP 306/2008
10/6/2008,0.7945619335347432,PLP 306/2008
10/6/2008,0.7945619335347432,PLP 306/2008
10/6/2008,0.7945619335347432,PLP 306/2008
10/6/2008,0.7945619335347432,PLP 306/2008
10/6/2008,0.7945619335347432,PLP 306/2008
10/6/2008,0.7945619335347432,PLP 306/2008
10/6/2008,0.7945619335347432,PLP 306/2008
10/6/2008,0.7945619335347432,PLP 306/2008
10/6/2008,0.7945619335347432,PLP 306/2008
10/6/2008,0.7945619335347432,PLP 306/2008
10/6/2008,0.7945619335347432,PLP 306/2008
10/6/2008,0.7945619335347432,PLP 306/2008
10/6/2008,0.7945619335347432,PLP 306/2008
1/7/2008,0.8494983277591973,MPV 427/2008
13/5/2008,0.9720930232558139,PDC 563/2008 => MSC 711/2007
13/5/2008,0.9720930232558139,PDC 563/2008 => MSC 711/2007
12/8/2008,0.7684887459807074,PL 3452/2008
5/8/2008,0.7710144927536232,MPV 432/2008
5/8/2008,0.7710144927536232,MPV 432/2008
5/8/2008,0.7710144927536232,MPV 432/2008
5/8/2008,0.7710144927536232,MPV 432/2008
5/8/2008,0.7710144927536232,MPV 432/2008
5/8/2008,0.7710144927536232,MPV 432/2008
12/8/2008,0.7766323024054983,MPV 434/2008
12/8/2008,0.7766323024054983,MPV 434/2008
2/9/2008,0.7854984894259819,MPV 435/2008
2/9/2008,0.7854984894259819,MPV 435/2008
14/10/2008,0.8498402555910544,MPV 436/2008
14/10/2008,0.8498402555910544,MPV 436/2008
14/10/2008,0.8498402555910544,MPV 436/2008
14/10/2008,0.8498402555910544,MPV 436/2008
29/10/2008,0.7801608579088471,PL 3674/2008
29/10/2008,0.7801608579088471,PL 3674/2008
29/10/2008,0.7801608579088471,PL 3674/2008
29/10/2008,0.7801608579088471,PL 3674/2008
29/10/2008,0.7801608579088471,PL 3674/2008
29/10/2008,0.7801608579088471,PL 3674/2008
27/11/2008,0.4246575342465753,MPV 440/2008
27/11/2008,0.4246575342465753,MPV 440/2008
27/11/2008,0.4246575342465753,MPV 440/2008
9/12/2008,0.6435331230283912,MPV 441/2008
12/11/2008,0.7661538461538462,MPV 443/2008
12/11/2008,0.7661538461538462,MPV 443/2008
26/11/2008,0.727810650887574,MPV 445/2008
26/11/2008,0.727810650887574,MPV 445/2008
26/11/2008,0.727810650887574,MPV 445/2008
26/11/2008,0.727810650887574,MPV 445/2008
26/11/2008,0.727810650887574,MPV 445/2008
20/5/2009,0.959079283887468,PEC 22/1999
6/5/2009,0.7650429799426934,PL 451/1995
17/6/2009,0.8433333333333334,PL 2660/1996
17/6/2009,0.8433333333333334,PL 2660/1996
5/5/2009,0.9941348973607038,PLP 59/1999
16/12/2009,0.9087947882736156,PLP 12/2003
16/12/2009,0.9087947882736156,PLP 12/2003
18/2/2009,0.8789808917197452,PL 836/2003
18/2/2009,0.8789808917197452,PL 836/2003
18/2/2009,0.8789808917197452,PL 836/2003
3/2/2010,0.9947089947089947,PEC 47/2003
5/5/2009,0.9801136363636364,PLP 217/2004
5/5/2009,0.9801136363636364,PLP 217/2004
2/6/2009,0.7720588235294118,PEC 413/2005
2/6/2009,0.7720588235294118,PEC 413/2005
9/6/2009,0.9427083333333334,PL 5800/2005
9/6/2009,0.9037800687285223,PL 5829/2005
16/9/2009,0.9844559585492227,PEC 483/2005
16/9/2009,0.9844559585492227,PEC 483/2005
21/10/2009,0.9202898550724637,PL 18/2007
30/6/2009,0.9665653495440729,PLP 28/2007
30/6/2009,0.9665653495440729,PLP 28/2007
30/6/2009,0.9665653495440729,PLP 28/2007
30/6/2009,0.9665653495440729,PLP 28/2007
18/2/2009,0.9705882352941176,PL 1664/2007
17/2/2009,0.981651376146789,PL 1825/2007
8/12/2009,0.8193548387096774,PL 2502/2007
8/12/2009,0.8193548387096774,PL 2502/2007
8/12/2009,0.8193548387096774,PL 2502/2007
8/12/2009,0.8193548387096774,PL 2502/2007
8/12/2009,0.8193548387096774,PL 2502/2007
8/12/2009,0.8193548387096774,PL 2502/2007
8/12/2009,0.8193548387096774,PL 2502/2007
8/12/2009,0.8193548387096774,PL 2502/2007
8/12/2009,0.8193548387096774,PL 2502/2007
8/12/2009,0.8193548387096774,PL 2502/2007
18/2/2009,0.9467084639498433,PL 3021/2008
3/6/2009,0.9948186528497409,PEC 277/2008
3/6/2009,0.9948186528497409,PEC 277/2008
3/6/2009,0.9948186528497409,PEC 277/2008
3/6/2009,0.9948186528497409,PEC 277/2008
27/10/2009,0.9948186528497409,PDC 981/2008
27/10/2009,0.9948186528497409,PDC 981/2008
17/2/2009,0.7592067988668555,MPV 447/2008
17/2/2009,0.7592067988668555,MPV 447/2008
17/2/2009,0.7592067988668555,MPV 447/2008
17/2/2009,0.7592067988668555,MPV 447/2008
11/3/2009,0.758957654723127,MPV 449/2008
11/3/2009,0.758957654723127,MPV 449/2008
11/3/2009,0.758957654723127,MPV 449/2008
25/3/2009,0.7694610778443114,MPV 450/2008
25/3/2009,0.7694610778443114,MPV 450/2008
1/4/2009,0.8,MPV 451/2008
1/4/2009,0.8,MPV 451/2008
1/4/2009,0.8,MPV 451/2008
1/4/2009,0.8,MPV 451/2008
1/4/2009,0.8,MPV 451/2008
1/4/2009,0.8,MPV 451/2008
14/4/2009,0.7248677248677249,MPV 452/2008
14/4/2009,0.7248677248677249,MPV 452/2008
15/4/2009,0.8601895734597157,MPV 453/2009
26/5/2009,0.918918918918919,MPV 454/2009
26/5/2009,0.918918918918919,MPV 454/2009
26/5/2009,0.918918918918919,MPV 454/2009
22/4/2009,0.6434782608695652,MPV 455/2009
29/4/2009,0.8794788273615635,MPV 457/2009
29/4/2009,0.8794788273615635,MPV 457/2009
29/4/2009,0.8794788273615635,MPV 457/2009
29/4/2009,0.8794788273615635,MPV 457/2009
29/4/2009,0.8794788273615635,MPV 457/2009
29/4/2009,0.8794788273615635,MPV 457/2009
13/5/2009,0.7893175074183977,MPV 458/2009
13/5/2009,0.7893175074183977,MPV 458/2009
13/5/2009,0.7893175074183977,MPV 458/2009
13/5/2009,0.7893175074183977,MPV 458/2009
13/5/2009,0.7893175074183977,MPV 458/2009
13/10/2009,1.0,PEC 324/2009
13/10/2009,1.0,PEC 324/2009
13/10/2009,1.0,PEC 324/2009
22/9/2009,0.9245742092457421,PEC 336/2009
22/9/2009,0.9245742092457421,PEC 336/2009
30/6/2009,0.8575498575498576,MSC 134/2009
20/5/2009,0.39466666666666667,MPV 459/2009
7/10/2009,1.0,PLP 462/2009
25/11/2009,0.8009478672985783,PEC 351/2009
25/11/2009,0.8009478672985783,PEC 351/2009
19/8/2009,0.5346260387811634,MPV 462/2009
19/8/2009,0.5346260387811634,MPV 462/2009
19/8/2009,0.5346260387811634,MPV 462/2009
19/8/2009,0.5346260387811634,MPV 462/2009
28/10/2009,0.8290598290598291,PL 5245/2009
28/10/2009,0.8290598290598291,PL 5245/2009
4/8/2009,0.959866220735786,PL 5279/2009
27/10/2009,0.8888888888888888,PL 5312/2009
11/11/2009,0.7467700258397932,PL 5334/2009
26/8/2009,0.6235294117647059,MPV 464/2009
1/9/2009,0.7891373801916933,MPV 465/2009
1/9/2009,0.7891373801916933,MPV 465/2009
1/9/2009,0.7891373801916933,MPV 465/2009
1/9/2009,0.7891373801916933,MPV 465/2009
1/9/2009,0.7891373801916933,MPV 465/2009
1/9/2009,0.7891373801916933,MPV 465/2009
25/11/2009,0.9973890339425587,PEC 391/2009
25/11/2009,0.9973890339425587,PEC 391/2009
6/10/2009,0.7193548387096774,MPV 466/2009
6/10/2009,0.7193548387096774,MPV 466/2009
6/10/2009,0.7193548387096774,MPV 466/2009
6/10/2009,0.7193548387096774,MPV 466/2009
6/10/2009,0.7193548387096774,MPV 466/2009
6/10/2009,0.7193548387096774,MPV 466/2009
6/10/2009,0.7193548387096774,MPV 466/2009
16/9/2009,0.9866666666666667,PL 5664/2009
14/10/2009,0.39820359281437123,PL 5798/2009
21/10/2009,0.7482517482517482,MPV 468/2009 
17/11/2009,0.8813559322033898,PL 5939/2009
17/11/2009,0.8813559322033898,PL 5939/2009
17/11/2009,0.8813559322033898,PL 5939/2009
17/11/2009,0.8813559322033898,PL 5939/2009
17/11/2009,0.8813559322033898,PL 5939/2009
11/11/2009,0.7810810810810811,PL 5941/2009
24/11/2009,0.7382352941176471,MPV 469/2009
24/11/2009,0.7382352941176471,MPV 469/2009
24/11/2009,0.7382352941176471,MPV 469/2009
24/11/2009,0.7382352941176471,MPV 469/2009
24/11/2009,0.7382352941176471,MPV 469/2009
2/12/2009,0.821656050955414,MPV 470/2009
2/12/2009,0.821656050955414,MPV 470/2009
2/12/2009,0.821656050955414,MPV 470/2009
2/12/2009,0.821656050955414,MPV 470/2009
2/12/2009,0.821656050955414,MPV 470/2009
2/12/2009,0.821656050955414,MPV 470/2009
2/12/2009,0.821656050955414,MPV 470/2009
3/2/2010,0.9947089947089947,PEC 47/2003
14/12/2010,0.9947089947089947,PL 2944/2004
2/3/2010,0.6952908587257618,PL 5186/2005
14/4/2010,0.9969230769230769,PLP 277/2005
12/5/2010,0.8281786941580757,PL 1481/2007
12/5/2010,0.8281786941580757,PL 1481/2007
12/5/2010,0.8281786941580757,PL 1481/2007
8/12/2009,0.8193548387096774,PL 2502/2007
8/12/2009,0.8193548387096774,PL 2502/2007
3/3/2010,0.9969040247678018,PEC 300/2008
3/3/2010,0.9969040247678018,PEC 300/2008
23/2/2010,0.8466666666666667,PL 5417/2009
23/2/2010,0.8466666666666667,PL 5417/2009
23/2/2010,0.8466666666666667,PL 5417/2009
23/2/2010,0.8466666666666667,PL 5417/2009
23/2/2010,0.8466666666666667,PL 5417/2009
23/2/2010,0.8466666666666667,PL 5417/2009
23/2/2010,0.8466666666666667,PL 5417/2009
23/2/2010,0.8466666666666667,PL 5417/2009
11/11/2009,0.7810810810810811,PL 5941/2009
11/11/2009,0.7810810810810811,PL 5941/2009
9/3/2010,0.9612903225806452,PLP 543/2009
9/3/2010,0.9612903225806452,PLP 543/2009
9/3/2010,0.9612903225806452,PLP 543/2009
6/7/2010,1.0,PEC 446/2009
23/3/2010,0.8012422360248447,MPV 472/2009
23/3/2010,0.8012422360248447,MPV 472/2009
23/3/2010,0.8012422360248447,MPV 472/2009
23/3/2010,0.8012422360248447,MPV 472/2009
28/4/2010,0.37317784256559766,MPV 475/2009
28/4/2010,0.37317784256559766,MPV 475/2009
28/4/2010,0.37317784256559766,MPV 475/2009
26/5/2010,0.6688311688311688,MPV 476/2009
26/5/2010,0.6688311688311688,MPV 476/2009
6/4/2010,0.46733668341708545,MPV 477/2009
6/4/2010,0.46733668341708545,MPV 477/2009
6/4/2010,0.46733668341708545,MPV 477/2009
6/4/2010,0.46733668341708545,MPV 477/2009
14/12/2010,0.990909090909091,PEC 507/2010
14/12/2010,0.990909090909091,PEC 507/2010
23/11/2010,0.7801204819277109,MPV 495/2010
1/12/2010,0.9776119402985075,REQ 7447/2010 => PLP 591/2010
7/12/2010,0.9565217391304348,REQ 7513/2010 => PLP 352/2002
7/12/2010,0.6512968299711815,REQ 7535/2010 => PL 2944/2004
8/12/2010,0.7166666666666667,REQ 7546/2010 => PL 2944/2004
15/12/2010,0.8801261829652997,REQ 7575/2010 => PDC 3036/2010
11/5/2011,0.3225806451612903,PL 1876/1999
11/5/2011,0.3225806451612903,PL 1876/1999
11/5/2011,0.3225806451612903,PL 1876/1999
5/10/2011,0.6306620209059234,PL 3937/2004
29/11/2011,0.9404761904761905,PEC 98/2007
29/11/2011,0.9404761904761905,PEC 98/2007
29/11/2011,0.9404761904761905,PEC 98/2007
29/11/2011,0.9404761904761905,PEC 98/2007
10/6/2008,0.7945619335347432,PLP 306/2008
14/12/2011,1.0,PEC 270/2008
13/12/2011,0.9975369458128078,PEC 445/2009
22/2/2011,0.7917888563049853,MPV 502/2010
22/2/2011,0.7917888563049853,MPV 502/2010
22/2/2011,0.7917888563049853,MPV 502/2010
13/4/2011,0.10732984293193717,MPV 512/2010
13/4/2011,0.10732984293193717,MPV 512/2010
26/4/2011,0.7913043478260869,MPV 513/2010
3/5/2011,0.9523809523809523,REQ 7537/2010 => PL 1876/1999
18/5/2011,0.8459119496855346,MPV 517/2010
18/5/2011,0.8459119496855346,MPV 517/2010
18/5/2011,0.8459119496855346,MPV 517/2010
18/5/2011,0.8459119496855346,MPV 517/2010
10/5/2011,0.821875,MPV 521/2010
16/2/2011,0.766260162601626,PL 382/2011
16/2/2011,0.766260162601626,PL 382/2011
16/2/2011,0.766260162601626,PL 382/2011
6/4/2011,0.8179611650485437,REQ 343/2011 => PDC 2600/2010
15/2/2011,0.9400479616306955,REQ 349/2011 => PL 382/2011
15/6/2011,0.8495297805642633,MPV 527/2011
15/6/2011,0.8495297805642633,MPV 527/2011
15/6/2011,0.8495297805642633,MPV 527/2011
15/6/2011,0.8495297805642633,MPV 527/2011
15/6/2011,0.8495297805642633,MPV 527/2011
15/6/2011,0.8495297805642633,MPV 527/2011
15/6/2011,0.8495297805642633,MPV 527/2011
15/6/2011,0.8495297805642633,MPV 527/2011
5/7/2011,0.7435064935064936,MPV 528/2011
5/7/2011,0.7435064935064936,MPV 528/2011
3/8/2011,0.9403508771929825,MPV 530/2011
3/8/2011,0.9403508771929825,MPV 530/2011
3/8/2011,0.9403508771929825,MPV 530/2011
16/8/2011,0.8145695364238411,MPV 532/2011
16/8/2011,0.8145695364238411,MPV 532/2011
16/8/2011,0.8145695364238411,MPV 532/2011
16/8/2011,0.8145695364238411,MPV 532/2011
16/8/2011,0.8145695364238411,MPV 532/2011
16/8/2011,0.8145695364238411,MPV 532/2011
31/8/2011,0.4594594594594595,PL 1209/2011
21/9/2011,0.8645320197044335,REQ 1548/2011 => PL 7376/2010
11/10/2011,0.22,PDC 220/2011
11/10/2011,0.22,PDC 220/2011
11/10/2011,0.22,PDC 220/2011
8/6/2011,0.804945054945055,REQ 2086/2011
20/9/2011,0.6703910614525139,PL 1749/2011
5/10/2011,0.7544910179640718,MPV 539/2011
8/11/2011,0.863768115942029,PEC 61/2011
8/11/2011,0.863768115942029,PEC 61/2011
8/11/2011,0.863768115942029,PEC 61/2011
8/11/2011,0.863768115942029,PEC 61/2011
8/11/2011,0.863768115942029,PEC 61/2011
8/11/2011,0.863768115942029,PEC 61/2011
8/11/2011,0.863768115942029,PEC 61/2011
8/11/2011,0.863768115942029,PEC 61/2011
8/11/2011,0.863768115942029,PEC 61/2011
8/11/2011,0.863768115942029,PEC 61/2011
8/11/2011,0.863768115942029,PEC 61/2011
8/11/2011,0.863768115942029,PEC 61/2011
8/11/2011,0.863768115942029,PEC 61/2011
8/11/2011,0.863768115942029,PEC 61/2011
8/11/2011,0.863768115942029,PEC 61/2011
8/11/2011,0.863768115942029,PEC 61/2011
8/11/2011,0.863768115942029,PEC 61/2011
8/11/2011,0.863768115942029,PEC 61/2011
8/11/2011,0.863768115942029,PEC 61/2011
8/11/2011,0.863768115942029,PEC 61/2011
8/11/2011,0.863768115942029,PEC 61/2011
8/11/2011,0.863768115942029,PEC 61/2011
8/11/2011,0.863768115942029,PEC 61/2011
26/10/2011,0.7052980132450332,MPV 540/2011
19/10/2011,0.739612188365651,MPV 541/2011
23/8/2011,0.7185929648241206,REQ 2714/2011
31/8/2011,1.0,PLP 87/2011
23/11/2011,0.7755775577557755,REC 92/2011 => RIC 693/2011
11/5/2011,0.3225806451612903,PL 1876/1999
11/5/2011,0.3225806451612903,PL 1876/1999
20/11/2012,0.4576271186440678,PL 5403/2001
11/8/2004,0.9478260869565217,PEC 438/2001
27/3/2012,0.9924812030075187,PEC 153/2003
27/3/2012,0.9924812030075187,PEC 153/2003
18/4/2012,0.9915966386554622,PLP 230/2004
30/5/2012,0.9972375690607734,PEC 416/2005
30/5/2012,0.9972375690607734,PEC 416/2005
15/5/2012,0.9972375690607734,PEC 471/2005
29/5/2012,0.9583333333333334,PLP 362/2006
28/2/2012,0.6989010989010989,PL 1992/2007
28/2/2012,0.6989010989010989,PL 1992/2007
28/2/2012,0.6989010989010989,PL 1992/2007
28/2/2012,0.6989010989010989,PL 1992/2007
14/12/2011,1.0,PEC 270/2008
4/8/2009,0.959866220735786,PL 5279/2009
13/12/2011,0.9975369458128078,PEC 445/2009
21/11/2012,0.9944598337950139,PEC 478/2010
21/11/2012,0.9944598337950139,PEC 478/2010
31/10/2012,0.9529780564263323,PLP 579/2010
13/6/2012,0.9147286821705426,PL 643/2011
7/11/2012,0.8204419889502762,REQ 1134/2011 => PL 865/2011
31/10/2012,0.9498327759197325,REQ 2130/2011 => PLP 579/2010
21/3/2012,0.9498327759197325,PL 2330/2011
21/3/2012,0.9498327759197325,PL 2330/2011
21/3/2012,0.9498327759197325,PL 2330/2011
6/11/2012,0.3024390243902439,PL 2565/2011
6/11/2012,0.3024390243902439,PL 2565/2011
6/11/2012,0.3024390243902439,PL 2565/2011
10/4/2012,0.3024390243902439,MPV 549/2011
14/3/2012,0.518918918918919,MPV 550/2011
16/5/2012,0.518918918918919,PDC 514/2011
11/4/2012,0.8031914893617021,MPV 551/2011
11/4/2012,0.8031914893617021,MPV 551/2011
9/5/2012,0.5040214477211796,MPV 554/2011
15/5/2012,0.8207885304659498,MPV 558/2012
12/6/2012,0.5877659574468085,MPV 559/2012
12/6/2012,0.5877659574468085,MPV 559/2012
12/6/2012,0.5877659574468085,MPV 559/2012
12/6/2012,0.5877659574468085,MPV 559/2012
7/3/2012,0.9776536312849162,REQ 4504/2012 => PL 2330/2011
27/6/2012,0.11374407582938388,REQ 4636/2012 => PL 2565/2011
27/6/2012,0.11374407582938388,REQ 4636/2012 => PL 2565/2011
16/7/2012,0.9771241830065359,MPV 563/2012
16/7/2012,0.9771241830065359,MPV 563/2012
16/7/2012,0.9771241830065359,MPV 563/2012
16/7/2012,0.9771241830065359,MPV 563/2012
16/7/2012,0.9771241830065359,MPV 563/2012
16/7/2012,0.9771241830065359,MPV 563/2012
16/7/2012,0.9771241830065359,MPV 563/2012
3/7/2012,0.8767123287671232,MPV 566/2012
3/7/2012,0.8767123287671232,MPV 566/2012
3/7/2012,0.8767123287671232,MPV 566/2012
4/7/2012,0.6842105263157895,MPV 567/2012
4/7/2012,0.6842105263157895,MPV 567/2012
4/7/2012,0.6842105263157895,MPV 567/2012
4/9/2012,0.6875,MPV 570/2012
20/11/2012,0.6632653061224489,MPV 575/2012
4/12/2012,0.6632653061224489,REQ 6062/2012 => PL 2154/2011
18/12/2012,0.7318007662835249,MPV 579/2012
18/12/2012,0.7318007662835249,MPV 579/2012
18/12/2012,0.7318007662835249,MPV 579/2012
18/12/2012,0.7318007662835249,MPV 579/2012
28/11/2012,0.992619926199262,REQ 6135/2012 => PL 4367/2012
28/11/2012,0.9965753424657534,REQ 6460/2012 => PL 2205/2011
28/11/2012,0.9822064056939501,REQ 6461/2012 => PL 4365/2012
9/4/2013,0.9822064056939501,PEC 3/1999
5/9/2006,0.9896907216494846,PEC 349/2001
19/11/2003,0.5938461538461538,PEC 544/2002
19/11/2003,0.5938461538461538,PEC 544/2002
19/11/2003,0.5938461538461538,PEC 544/2002
14/4/2010,0.9969230769230769,PLP 277/2005
27/8/2013,0.9969230769230769,PEC 565/2006
27/8/2013,0.9969230769230769,PEC 565/2006
27/8/2013,0.9969230769230769,PEC 565/2006
23/10/2013,0.02252252252252252,PL 7495/2006
10/7/2013,0.02252252252252252,PL 323/2007
10/7/2013,0.02252252252252252,PL 323/2007
7/8/2013,0.02252252252252252,PEC 190/2007
7/8/2013,0.02252252252252252,PEC 190/2007
7/8/2013,0.02252252252252252,PEC 190/2007
4/6/2013,0.3743016759776536,PLP 416/2008
4/6/2013,0.3743016759776536,PLP 416/2008
4/6/2013,0.3743016759776536,PLP 416/2008
4/6/2013,0.3743016759776536,PLP 416/2008
4/6/2013,0.3743016759776536,PLP 416/2008
4/6/2013,0.3743016759776536,PLP 416/2008
11/12/2013,1.0,PEC 368/2009
11/12/2013,1.0,PEC 368/2009
22/5/2013,1.0,PL 7663/2010
22/5/2013,1.0,PL 7663/2010
25/6/2013,0.9751131221719457,PEC 37/2011
11/12/2013,1.0,PEC 55/2011
11/12/2013,1.0,PEC 55/2011
4/12/2013,0.9939577039274925,PEC 90/2011
4/12/2013,0.9939577039274925,PEC 90/2011
4/12/2013,0.9939577039274925,PEC 90/2011
27/2/2013,0.7621776504297995,PDC 549/2012
21/5/2013,0.45226130653266333,PLP 200/2012
21/5/2013,0.45226130653266333,PLP 200/2012
3/7/2013,0.9903147699757869,PEC 207/2012
3/7/2013,0.9903147699757869,PEC 207/2012
7/5/2013,0.9523809523809523,REQ 5941/2012 => PLP 416/2008
6/3/2013,0.9298245614035088,PLN 24/2012 CN
20/2/2013,0.7736486486486487,MPV 582/2012
26/2/2013,0.4752475247524752,MPV 586/2012
26/2/2013,0.4752475247524752,MPV 586/2012
19/3/2013,0.5058275058275058,MPV 587/2012
9/4/2013,0.6967418546365914,MPV 589/2012
8/5/2013,0.6071428571428571,MPV 593/2012
8/5/2013,0.7125,MPV 595/2012
8/5/2013,0.7125,MPV 595/2012
8/5/2013,0.7125,MPV 595/2012
8/5/2013,0.7125,MPV 595/2012
8/5/2013,0.7125,MPV 595/2012
8/5/2013,0.7125,MPV 595/2012
8/5/2013,0.7125,MPV 595/2012
8/5/2013,0.7125,MPV 595/2012
8/5/2013,0.7125,MPV 595/2012
8/5/2013,0.7125,MPV 595/2012
8/5/2013,0.7125,MPV 595/2012
8/5/2013,0.7125,MPV 595/2012
8/5/2013,0.7125,MPV 595/2012
8/5/2013,0.7125,MPV 595/2012
8/5/2013,0.7125,MPV 595/2012
8/5/2013,0.7125,MPV 595/2012
8/5/2013,0.7125,MPV 595/2012
8/5/2013,0.7125,MPV 595/2012
8/5/2013,0.7125,MPV 595/2012
8/5/2013,0.7125,MPV 595/2012
8/5/2013,0.7125,MPV 595/2012
20/3/2013,0.47989276139410186,PL 4904/2012
20/3/2013,0.47989276139410186,PL 4904/2012
21/5/2013,0.7583333333333333,MPV 597/2012
21/5/2013,0.6692708333333334,MPV 600/2012
27/5/2013,0.7161716171617162,MPV 601/2012
27/5/2013,0.7161716171617162,MPV 601/2012
22/10/2013,0.9508771929824561,PLP 238/2013
22/10/2013,0.9508771929824561,PLP 238/2013
22/10/2013,0.9508771929824561,PLP 238/2013
22/10/2013,0.9508771929824561,PLP 238/2013
22/10/2013,0.9508771929824561,PLP 238/2013
22/10/2013,0.9508771929824561,PLP 238/2013
28/5/2013,0.7344827586206897,MPV 605/2013
12/6/2013,0.762589928057554,MPV 608/2013
12/3/2013,0.8455882352941176,REQ 6947/2013 => PL 7663/2010
11/6/2013,0.6594427244582043,MPV 609/2013
11/6/2013,0.6594427244582043,MPV 609/2013
11/6/2013,0.6594427244582043,MPV 609/2013
24/4/2013,0.9871382636655949,REQ 7253/2013 => PL 2592/2007
17/7/2013,0.6666666666666666,PDC 824/2013
12/6/2013,0.6666666666666666,PLP 266/2013
12/6/2013,0.6666666666666666,PLP 266/2013
12/6/2013,0.6666666666666666,PLP 266/2013
12/6/2013,0.2857142857142857,REQ 7595/2013 => PLP 92/2007
21/8/2013,0.7795275590551181,MPV 613/2013
21/5/2013,0.9817073170731707,REQ 7772/2013 => PLP 200/2012
18/9/2013,0.6054216867469879,MPV 618/2013
25/9/2013,0.8157099697885196,MPV 619/2013
25/9/2013,0.8157099697885196,MPV 619/2013
25/9/2013,0.8157099697885196,MPV 619/2013
10/9/2013,0.8852459016393442,MPV 620/2013
25/6/2013,0.9636871508379888,PLP 288/2013
25/6/2013,0.9636871508379888,PLP 288/2013
25/6/2013,0.9636871508379888,PLP 288/2013
2/7/2013,0.38461538461538464,REQ 8091/2013 => PL 5844/2013
26/9/2013,0.8333333333333334,PRC 203/2013
23/10/2013,0.8705501618122977,REQ 8144/2013 => PL 7495/2006
8/10/2013,0.807909604519774,MPV 621/2013
8/10/2013,0.807909604519774,MPV 621/2013
8/10/2013,0.807909604519774,MPV 621/2013
8/10/2013,0.807909604519774,MPV 621/2013
8/10/2013,0.807909604519774,MPV 621/2013
8/10/2013,0.807909604519774,MPV 621/2013
8/10/2013,0.807909604519774,MPV 621/2013
8/10/2013,0.807909604519774,MPV 621/2013
9/7/2013,0.807909604519774,REQ 8196/2013
5/12/2013,0.2962962962962963,PDC 1055/2013 => MSC 668/2009
1/10/2013,0.2962962962962963,PL 6053/2013
11/12/2013,0.821656050955414,MPV 625/2013
6/11/2013,0.821656050955414,PDC 1361/2013
6/11/2013,0.821656050955414,PDC 1361/2013
5/11/2013,0.9830508474576272,PEC 346/2013
5/11/2013,0.9830508474576272,PEC 346/2013
10/6/2014,0.7608695652173914,PL 3232/1992
15/5/2012,0.7608695652173914,PEC 471/2005
29/5/2012,0.9583333333333334,PLP 362/2006
29/5/2012,0.9583333333333334,PLP 362/2006
29/5/2012,0.9583333333333334,PLP 362/2006
3/6/2014,0.6940874035989717,PL 8035/2010
19/3/2014,0.9811827956989247,PEC 103/2011
19/3/2014,0.9811827956989247,PEC 103/2011
17/12/2014,0.970873786407767,PEC 197/2012
17/12/2014,0.970873786407767,PEC 197/2012
17/12/2014,0.970873786407767,PEC 197/2012
29/4/2014,0.7859237536656891,PL 4246/2012
7/5/2014,1.0,PLP 221/2012
7/5/2014,1.0,PLP 221/2012
7/5/2014,1.0,PLP 221/2012
7/5/2014,1.0,PLP 221/2012
7/5/2014,1.0,PLP 221/2012
7/5/2014,1.0,PLP 221/2012
7/5/2014,1.0,PLP 221/2012
7/5/2014,1.0,PLP 221/2012
7/5/2014,1.0,PLP 221/2012
7/5/2014,1.0,PLP 221/2012
19/2/2014,1.0,PEC 247/2013
19/2/2014,1.0,PEC 247/2013
25/3/2014,0.9975062344139651,PEC 290/2013
25/3/2014,0.9975062344139651,PEC 290/2013
22/4/2014,0.9418960244648318,REQ 8339/2013 => PL 5943/2013
5/2/2014,1.0,PEC 293/2013
5/2/2014,1.0,PEC 293/2013
2/12/2014,0.8024691358024691,PLN 36/2013 CN
22/4/2014,0.9904458598726115,REQ 8880/2013 => PLP 276/2002
26/3/2014,0.8798882681564246,PL 6738/2013
26/3/2014,0.6753246753246753,PL 6809/2013
6/5/2014,0.9846547314578005,PEC 358/2013
6/5/2014,0.9846547314578005,PEC 358/2013
6/5/2014,0.9846547314578005,PEC 358/2013
7/4/2014,0.7909836065573771,MPV 628/2013
7/4/2014,0.7909836065573771,MPV 628/2013
7/4/2014,0.7909836065573771,MPV 628/2013
9/4/2014,0.5044776119402985,MPV 630/2013
9/4/2014,0.5044776119402985,MPV 630/2013
20/5/2014,0.7076923076923077,MPV 632/2013
21/5/2014,0.7255639097744361,MPV 633/2013
21/5/2014,0.7255639097744361,MPV 633/2013
20/5/2014,0.28940568475452194,MPV 635/2013
11/3/2014,0.07,REQ 9534/2014
11/3/2014,0.07,REQ 9534/2014
11/3/2014,0.07,REQ 9534/2014
27/5/2014,0.9642857142857143,MPV 639/2014
27/5/2014,0.6739811912225705,MPV 640/2014
4/6/2014,0.3364485981308411,PLP 397/2014
4/6/2014,0.3364485981308411,PLP 397/2014
5/8/2014,0.05860805860805861,PDC 1491/2014
5/8/2014,0.05860805860805861,PDC 1491/2014
5/8/2014,0.05860805860805861,PDC 1491/2014
15/7/2014,0.14173228346456693,REQ 10361/2014 => PDC 1491/2014
7/10/2014,0.5234375,MPV 650/2014
4/11/2014,1.0,PEC 426/2014
4/11/2014,1.0,PEC 426/2014
16/12/2014,0.009708737864077669,MPV 656/2014
4/11/2014,0.31761006289308175,MPV 657/2014
10/12/2014,1.0,PEC 434/2014
10/12/2014,1.0,PEC 434/2014
16/12/2014,0.900990099009901,REQ 10929/2014 => PRC 266/2014
19/8/2015,0.321353065539112,PEC 171/1993
19/8/2015,0.321353065539112,PEC 171/1993
19/8/2015,0.321353065539112,PEC 171/1993
19/8/2015,0.321353065539112,PEC 171/1993
19/8/2015,0.321353065539112,PEC 171/1993
19/8/2015,0.321353065539112,PEC 171/1993
19/8/2015,0.321353065539112,PEC 171/1993
20/8/2015,0.5109289617486339,PL 2479/2000
23/4/2015,0.34269662921348315,PL 2505/2000
20/10/2015,0.9977426636568849,PEC 215/2003
20/10/2015,0.9977426636568849,PEC 215/2003
24/9/2015,0.8131147540983606,PL 4474/2004
4/3/2015,0.8131147540983606,PEC 457/2005
4/3/2015,0.8131147540983606,PEC 457/2005
4/3/2015,0.8131147540983606,PEC 457/2005
4/3/2015,0.8131147540983606,PEC 457/2005
4/3/2015,0.8131147540983606,PEC 457/2005
15/5/2012,0.8131147540983606,PEC 471/2005
5/5/2015,0.8131147540983606,PEC 475/2005
10/3/2015,0.9955947136563876,PEC 590/2006
10/3/2015,0.9955947136563876,PEC 590/2006
5/3/2015,0.5108695652173914,PL 7699/2006
2/9/2015,0.5384615384615384,PLP 25/2007
2/9/2015,0.5384615384615384,PLP 25/2007
2/9/2015,0.5384615384615384,PLP 25/2007
2/9/2015,0.5384615384615384,PLP 25/2007
25/3/2015,0.9765625,PL 789/2007
26/8/2015,0.18502202643171806,PL 1057/2007
26/5/2015,0.18502202643171806,PEC 182/2007
26/5/2015,0.18502202643171806,PEC 182/2007
26/5/2015,0.18502202643171806,PEC 182/2007
26/5/2015,0.18502202643171806,PEC 182/2007
26/5/2015,0.18502202643171806,PEC 182/2007
26/5/2015,0.18502202643171806,PEC 182/2007
26/5/2015,0.18502202643171806,PEC 182/2007
26/5/2015,0.18502202643171806,PEC 182/2007
26/5/2015,0.18502202643171806,PEC 182/2007
26/5/2015,0.18502202643171806,PEC 182/2007
26/5/2015,0.18502202643171806,PEC 182/2007
26/5/2015,0.18502202643171806,PEC 182/2007
26/5/2015,0.18502202643171806,PEC 182/2007
26/5/2015,0.18502202643171806,PEC 182/2007
26/5/2015,0.18502202643171806,PEC 182/2007
26/5/2015,0.18502202643171806,PEC 182/2007
26/5/2015,0.18502202643171806,PEC 182/2007
26/5/2015,0.18502202643171806,PEC 182/2007
26/5/2015,0.18502202643171806,PEC 182/2007
26/5/2015,0.18502202643171806,PEC 182/2007
26/5/2015,0.18502202643171806,PEC 182/2007
26/5/2015,0.18502202643171806,PEC 182/2007
26/5/2015,0.18502202643171806,PEC 182/2007
26/5/2015,0.18502202643171806,PEC 182/2007
26/5/2015,0.18502202643171806,PEC 182/2007
26/5/2015,0.18502202643171806,PEC 182/2007
26/5/2015,0.18502202643171806,PEC 182/2007
26/5/2015,0.18502202643171806,PEC 182/2007
26/5/2015,0.18502202643171806,PEC 182/2007
26/5/2015,0.18502202643171806,PEC 182/2007
26/5/2015,0.18502202643171806,PEC 182/2007
26/5/2015,0.18502202643171806,PEC 182/2007
26/5/2015,0.18502202643171806,PEC 182/2007
26/5/2015,0.18502202643171806,PEC 182/2007
26/5/2015,0.18502202643171806,PEC 182/2007
26/3/2015,0.9855491329479769,PL 3131/2008
25/3/2015,0.5358090185676393,PL 4148/2008
25/3/2015,0.5358090185676393,PL 4148/2008
4/8/2015,0.39082969432314413,PEC 443/2009
4/8/2015,0.39082969432314413,PEC 443/2009
4/8/2015,0.39082969432314413,PEC 443/2009
4/8/2015,0.39082969432314413,PEC 443/2009
4/8/2015,0.39082969432314413,PEC 443/2009
26/8/2015,1.0,PLP 106/2011
31/3/2015,0.24079320113314448,PL 3481/2012
31/3/2015,0.24079320113314448,PL 3481/2012
10/3/2015,0.4116222760290557,PL 3771/2012
24/2/2015,0.4116222760290557,PLP 177/2012
17/12/2014,0.970873786407767,PEC 197/2012
29/4/2014,0.7859237536656891,PL 4246/2012
30/9/2015,0.7859237536656891,PEC 209/2012
3/3/2015,0.7282051282051282,REQ 7492/2013 => PL 4372/2012
15/10/2015,1.0,PLP 278/2013
12/3/2015,0.9937694704049844,PLP 302/2013
12/3/2015,0.9937694704049844,PLP 302/2013
12/3/2015,0.9937694704049844,PLP 302/2013
12/3/2015,0.9937694704049844,PLP 302/2013
12/3/2015,0.9937694704049844,PLP 302/2013
12/3/2015,0.9937694704049844,PLP 302/2013
12/3/2015,0.9937694704049844,PLP 302/2013
12/3/2015,0.9937694704049844,PLP 302/2013
7/4/2015,0.3422680412371134,REQ 8530/2013 => PL 4330/2004
19/3/2015,0.4378531073446328,PDC 1287/2013
20/10/2015,0.4378531073446328,PL 6446/2013
20/10/2015,0.4378531073446328,PL 6446/2013
20/10/2015,0.4378531073446328,PL 6446/2013
3/2/2015,0.4378531073446328,PEC 352/2013
6/5/2014,0.9846547314578005,PEC 358/2013
6/5/2014,0.9846547314578005,PEC 358/2013
16/9/2015,0.9755501222493888,PLP 366/2013
16/9/2015,0.9755501222493888,PLP 366/2013
16/9/2015,0.9755501222493888,PLP 366/2013
16/9/2015,0.9755501222493888,PLP 366/2013
16/9/2015,0.9755501222493888,PLP 366/2013
26/2/2015,0.9755501222493888,REQ 9909/2014 => PL 5201/2013
21/10/2015,0.9755501222493888,PEC 395/2014
18/3/2015,0.518348623853211,PL 7469/2014
18/3/2015,0.518348623853211,PL 7469/2014
10/3/2015,0.608355091383812,PL 7924/2014
7/4/2015,0.5034168564920274,MPV 660/2014
7/4/2015,0.5034168564920274,MPV 660/2014
9/4/2015,0.6613924050632911,MPV 661/2014
9/4/2015,0.6613924050632911,MPV 661/2014
9/4/2015,0.6613924050632911,MPV 661/2014
9/9/2015,0.9440559440559441,REQ 10903/2014 => PL 1462/2007
12/5/2015,0.7119047619047619,MPV 663/2014
12/5/2015,0.7119047619047619,MPV 663/2014
12/5/2015,0.7119047619047619,MPV 663/2014
13/5/2015,0.47297297297297297,MPV 664/2014
13/5/2015,0.47297297297297297,MPV 664/2014
13/5/2015,0.47297297297297297,MPV 664/2014
13/5/2015,0.47297297297297297,MPV 664/2014
13/5/2015,0.47297297297297297,MPV 664/2014
13/5/2015,0.47297297297297297,MPV 664/2014
13/5/2015,0.47297297297297297,MPV 664/2014
13/5/2015,0.47297297297297297,MPV 664/2014
13/5/2015,0.47297297297297297,MPV 664/2014
13/5/2015,0.47297297297297297,MPV 664/2014
13/5/2015,0.47297297297297297,MPV 664/2014
6/5/2015,0.525,MPV 665/2014
6/5/2015,0.525,MPV 665/2014
6/5/2015,0.525,MPV 665/2014
6/5/2015,0.525,MPV 665/2014
6/5/2015,0.525,MPV 665/2014
6/5/2015,0.525,MPV 665/2014
6/5/2015,0.525,MPV 665/2014
6/5/2015,0.525,MPV 665/2014
6/5/2015,0.525,MPV 665/2014
6/5/2015,0.525,MPV 665/2014
6/5/2015,0.525,MPV 665/2014
6/5/2015,0.525,MPV 665/2014
6/5/2015,0.525,MPV 665/2014
6/5/2015,0.525,MPV 665/2014
6/5/2015,0.525,MPV 665/2014
6/5/2015,0.525,MPV 665/2014
20/8/2015,0.4140845070422535,PL 10/2015
19/5/2015,0.7130242825607064,MPV 668/2015
19/5/2015,0.7130242825607064,MPV 668/2015
19/5/2015,0.7130242825607064,MPV 668/2015
19/5/2015,0.7130242825607064,MPV 668/2015
19/5/2015,0.7130242825607064,MPV 668/2015
19/5/2015,0.7130242825607064,MPV 668/2015
19/5/2015,0.7130242825607064,MPV 668/2015
19/5/2015,0.7130242825607064,MPV 668/2015
19/5/2015,0.7130242825607064,MPV 668/2015
19/5/2015,0.7130242825607064,MPV 668/2015
19/5/2015,0.7130242825607064,MPV 668/2015
19/5/2015,0.7130242825607064,MPV 668/2015
19/5/2015,0.7130242825607064,MPV 668/2015
16/4/2015,0.9741602067183462,PLP 13/2015
12/3/2015,0.9741602067183462,PRC 11/2015
13/8/2015,1.0,PLP 25/2015
17/6/2015,0.6131221719457014,MPV 670/2015
17/6/2015,0.6131221719457014,MPV 670/2015
17/6/2015,0.6131221719457014,MPV 670/2015
26/3/2015,0.6131221719457014,PL 846/2015
7/7/2015,0.9142156862745098,MPV 671/2015
25/6/2015,0.6656716417910448,PL 863/2015
25/6/2015,0.6656716417910448,PL 863/2015
25/6/2015,0.6656716417910448,PL 863/2015
25/6/2015,0.6656716417910448,PL 863/2015
25/6/2015,0.6656716417910448,PL 863/2015
25/6/2015,0.6656716417910448,PL 863/2015
25/6/2015,0.6656716417910448,PL 863/2015
25/6/2015,0.6656716417910448,PL 863/2015
25/6/2015,0.6656716417910448,PL 863/2015
25/6/2015,0.6656716417910448,PL 863/2015
24/3/2015,0.6656716417910448,PLP 37/2015
24/3/2015,0.6656716417910448,PLP 37/2015
24/6/2015,0.959866220735786,MPV 672/2015
24/6/2015,0.959866220735786,MPV 672/2015
24/6/2015,0.959866220735786,MPV 672/2015
24/6/2015,0.959866220735786,MPV 672/2015
24/6/2015,0.959866220735786,MPV 672/2015
24/6/2015,0.959866220735786,MPV 672/2015
24/6/2015,0.959866220735786,MPV 672/2015
6/10/2015,0.7404761904761905,REQ 1219/2015 => PL 6726/2013
20/8/2015,0.9970760233918129,PDC 57/2015
20/8/2015,0.9970760233918129,PDC 57/2015
30/6/2015,0.2966292134831461,REQ 1681/2015 => PL 1358/2015
3/9/2015,0.7824858757062146,MPV 675/2015 
10/9/2015,0.5209876543209877,REQ 2027/2015 => PDC 1408/2013
10/9/2015,0.77088948787062,REQ 2118/2015 => PL 1780/2015
30/9/2015,0.4868035190615836,MPV 676/2015
30/9/2015,0.4868035190615836,MPV 676/2015
12/8/2015,0.8044444444444444,PL 2016/2015
4/8/2015,0.7172897196261683,PL 2020/2015
13/10/2015,0.6,MPV 678/2015 
13/10/2015,0.6,MPV 678/2015 
13/10/2015,0.6,MPV 678/2015 
13/10/2015,0.6,MPV 678/2015 
13/10/2015,0.6,MPV 678/2015 
17/9/2015,0.8851174934725848,MPV 679/2015 
15/12/2015,0.9680589680589681,PEC 74/2015
15/12/2015,0.9680589680589681,PEC 74/2015
15/12/2015,0.9680589680589681,PEC 74/2015
25/8/2015,0.9254807692307693,REQ 2409/2015 => PL 5230/2013
23/9/2015,0.9149484536082474,PLP 124/2015
23/9/2015,0.9149484536082474,PLP 124/2015
18/8/2015,0.32608695652173914,REC 49/2015 => PL 8170/2014
15/9/2015,0.5496688741721855,MPV 681/2015 
21/10/2015,0.5732323232323232,MPV 682/2015 
17/9/2015,0.9119804400977995,REQ 2507/2015 => PLP 124/2015
3/11/2015,0.7751937984496124,MPV 685/2015
3/11/2015,0.7751937984496124,MPV 685/2015
3/11/2015,0.7751937984496124,MPV 685/2015
3/11/2015,0.7751937984496124,MPV 685/2015
3/11/2015,0.7751937984496124,MPV 685/2015
2/12/2015,0.7370892018779343,PLN 5/2015 CN
2/12/2015,0.7370892018779343,PLN 5/2015 CN
27/10/2015,0.6756756756756757,MPV 687/2015 
27/10/2015,0.6756756756756757,MPV 687/2015 
25/8/2015,0.8915094339622641,REQ 2727/2015 => PL 8170/2014
2/9/2015,0.9946949602122016,REQ 2738/2015 => PL 2455/2015
10/11/2015,0.5841346153846154,MPV 688/2015 
10/11/2015,0.5841346153846154,MPV 688/2015 
10/11/2015,0.5841346153846154,MPV 688/2015 
10/11/2015,0.5841346153846154,MPV 688/2015 
10/11/2015,0.5841346153846154,MPV 688/2015 
10/11/2015,0.5841346153846154,MPV 688/2015 
22/10/2015,0.6227848101265823,PL 2750/2015
24/11/2015,0.7098445595854922,MPV 691/2015 
24/11/2015,0.7098445595854922,MPV 691/2015 
24/11/2015,0.7098445595854922,MPV 691/2015 
24/11/2015,0.7098445595854922,MPV 691/2015 
24/11/2015,0.7098445595854922,MPV 691/2015 
16/9/2015,0.7098445595854922,REQ 2971/2015 => PL 4059/2012
28/10/2015,0.4605263157894737,PL 2960/2015
28/10/2015,0.4605263157894737,PL 2960/2015
28/10/2015,0.4605263157894737,PL 2960/2015
28/10/2015,0.4605263157894737,PL 2960/2015
28/10/2015,0.4605263157894737,PL 2960/2015
28/10/2015,0.4605263157894737,PL 2960/2015
28/10/2015,0.4605263157894737,PL 2960/2015
22/9/2015,0.5994694960212201,REQ 3048/2015 => PL 6401/2009
29/9/2015,0.9727520435967303,REQ 3101/2015 => PL 2430/2003
5/11/2015,0.42857142857142855,PDC 238/2015
2/9/2015,0.5384615384615384,PLP 25/2007
2/9/2015,0.5384615384615384,PLP 25/2007
3/5/2016,0.9774266365688488,REQ 4124/2011 => PL 6697/2009
3/5/2016,0.9774266365688488,REQ 4124/2011 => PL 6697/2009
30/9/2015,0.9774266365688488,PEC 209/2012
21/10/2015,0.9774266365688488,PEC 395/2014
31/5/2016,0.9922680412371134,REQ 10906/2014 => PL 7922/2014
22/3/2016,0.9975186104218362,PEC 1/2015
8/6/2016,0.7780320366132724,PEC 4/2015
8/6/2016,0.7780320366132724,PEC 4/2015
8/6/2016,0.7780320366132724,PEC 4/2015
8/6/2016,0.7780320366132724,PEC 4/2015
8/6/2016,0.7780320366132724,PEC 4/2015
8/6/2016,0.7780320366132724,PEC 4/2015
23/2/2016,0.9933481152993349,PEC 11/2015
23/2/2016,0.9933481152993349,PEC 11/2015
6/12/2016,0.9933481152993349,PL 2516/2015
29/3/2016,0.9933481152993349,REQ 2965/2015 => PLP 392/2014
28/4/2016,0.9787985865724381,REQ 2974/2015 => PL 2648/2015
3/2/2016,0.5086848635235732,MPV 692/2015 
3/2/2016,0.5086848635235732,MPV 692/2015 
3/2/2016,0.5086848635235732,MPV 692/2015 
1/3/2016,0.5086848635235732,MPV 693/2015 
2/3/2016,0.5350877192982456,MPV 694/2015 
2/3/2016,0.5350877192982456,MPV 694/2015 
2/3/2016,0.5350877192982456,MPV 694/2015 
16/2/2016,0.639269406392694,MPV 695/2015 
16/2/2016,0.639269406392694,MPV 695/2015 
16/2/2016,0.639269406392694,MPV 695/2015 
16/2/2016,0.639269406392694,MPV 695/2015 
16/2/2016,0.639269406392694,MPV 695/2015 
16/2/2016,0.639269406392694,MPV 695/2015 
18/2/2016,0.46629213483146065,MPV 696/2015 
18/2/2016,0.46629213483146065,MPV 696/2015 
19/10/2016,0.7854671280276817,REQ 3232/2015 => PRC 76/2015
4/5/2016,0.7854671280276817,PRC 88/2015
16/3/2016,0.7047146401985112,MPV 698/2015 
16/3/2016,0.7047146401985112,MPV 698/2015 
16/3/2016,0.7047146401985112,MPV 698/2015 
26/4/2016,0.1391304347826087,MPV 701/2015 
26/4/2016,0.1391304347826087,MPV 701/2015 
28/3/2016,0.8099415204678363,MPV 702/2015 
18/5/2016,0.7163323782234957,MPV 706/2015 
23/5/2016,0.8494623655913979,MPV 708/2015 
23/5/2016,0.8494623655913979,MPV 708/2015 
23/5/2016,0.8494623655913979,MPV 708/2015 
23/5/2016,0.8494623655913979,MPV 708/2015 
29/3/2016,0.572538860103627,MPV 710/2016 
4/5/2016,0.572538860103627,REQ 3879/2016 => PRC 88/2015
25/2/2016,0.39603960396039606,PDC 315/2016
25/2/2016,0.39603960396039606,PDC 315/2016
25/2/2016,0.39603960396039606,PDC 315/2016
5/10/2016,0.7411167512690355,PL 4567/2016
5/10/2016,0.7411167512690355,PL 4567/2016
5/10/2016,0.7411167512690355,PL 4567/2016
5/10/2016,0.7411167512690355,PL 4567/2016
5/10/2016,0.7411167512690355,PL 4567/2016
5/10/2016,0.7411167512690355,PL 4567/2016
5/10/2016,0.7411167512690355,PL 4567/2016
5/10/2016,0.7411167512690355,PL 4567/2016
10/3/2016,0.8145896656534954,REQ 4057/2016 => PL 4073/2015
8/3/2016,0.3,REQ 4059/2016 => PL 173/2015
15/6/2016,0.7758620689655172,MPV 713/2016 
15/6/2016,0.7758620689655172,MPV 713/2016 
15/6/2016,0.7758620689655172,MPV 713/2016 
15/6/2016,0.7758620689655172,MPV 713/2016 
20/6/2016,0.8482142857142857,MPV 714/2016 
20/6/2016,0.8482142857142857,MPV 714/2016 
5/7/2016,0.8362282878411911,MPV 718/2016 
9/8/2016,0.6915887850467289,PLP 257/2016
9/8/2016,0.6915887850467289,PLP 257/2016
9/8/2016,0.6915887850467289,PLP 257/2016
9/8/2016,0.6915887850467289,PLP 257/2016
9/8/2016,0.6915887850467289,PLP 257/2016
9/8/2016,0.6915887850467289,PLP 257/2016
9/8/2016,0.6915887850467289,PLP 257/2016
9/8/2016,0.6915887850467289,PLP 257/2016
9/8/2016,0.6915887850467289,PLP 257/2016
9/8/2016,0.6915887850467289,PLP 257/2016
9/8/2016,0.6915887850467289,PLP 257/2016
9/8/2016,0.6915887850467289,PLP 257/2016
9/8/2016,0.6915887850467289,PLP 257/2016
9/8/2016,0.6915887850467289,PLP 257/2016
9/8/2016,0.6915887850467289,PLP 257/2016
9/8/2016,0.6915887850467289,PLP 257/2016
9/8/2016,0.6915887850467289,PLP 257/2016
9/8/2016,0.6915887850467289,PLP 257/2016
24/5/2016,0.8625,PLN 1/2016 CN
24/5/2016,0.8625,PLN 1/2016 CN
4/4/2016,0.8625,REQ 4250/2016 => PRC 134/2016
3/5/2016,0.9454976303317536,REQ 4282/2016 => PL 2646/2015
31/5/2016,0.9936708860759493,REQ 4295/2016 => PL 2742/2015
31/5/2016,0.9846625766871165,REQ 4296/2016 => PL 2743/2015
31/5/2016,0.9664634146341463,REQ 4297/2016 => PL 4244/2015
31/5/2016,0.9567901234567902,REQ 4310/2016 => PL 4252/2015
31/5/2016,0.965625,REQ 4311/2016 => PL 4253/2015
31/5/2016,0.9595238095238096,REQ 4318/2016 => PL 4254/2015
31/5/2016,0.9595238095238096,REQ 4318/2016 => PL 4254/2015
23/8/2016,0.8129032258064516,PLN 2/2016 CN
31/5/2016,0.960960960960961,REQ 4376/2016 => PL 2747/2015
9/11/2016,0.9698795180722891,REQ 4411/2016 => PL 364/2015
31/5/2016,0.9539295392953929,REQ 4412/2016 => PL 4250/2015
31/5/2016,0.9707446808510638,REQ 4413/2016 => PL 4251/2015
31/5/2016,0.9661971830985916,REQ 4414/2016 => PL 4255/2015
14/6/2016,0.7707317073170732,REQ 4415/2016 => PL 2431/2011
29/8/2016,0.8766404199475065,MPV 725/2016 
29/8/2016,0.8766404199475065,MPV 725/2016 
29/8/2016,0.7752161383285303,MPV 726/2016 
29/8/2016,0.7752161383285303,MPV 726/2016 
30/8/2016,0.7774294670846394,MPV 727/2016 
30/8/2016,0.7774294670846394,MPV 727/2016 
7/6/2016,0.7472826086956522,REQ 4600/2016 => PL 4918/2016
8/6/2016,0.7320954907161804,REQ 4601/2016 => PLP 268/2016
10/10/2016,0.7640918580375783,PEC 241/2016
10/10/2016,0.7640918580375783,PEC 241/2016
10/10/2016,0.7640918580375783,PEC 241/2016
10/10/2016,0.7640918580375783,PEC 241/2016
10/10/2016,0.7640918580375783,PEC 241/2016
10/10/2016,0.7640918580375783,PEC 241/2016
10/10/2016,0.7640918580375783,PEC 241/2016
10/10/2016,0.7640918580375783,PEC 241/2016
10/10/2016,0.7640918580375783,PEC 241/2016
10/10/2016,0.7640918580375783,PEC 241/2016
10/10/2016,0.7640918580375783,PEC 241/2016
10/10/2016,0.7640918580375783,PEC 241/2016
10/10/2016,0.7640918580375783,PEC 241/2016
10/10/2016,0.7640918580375783,PEC 241/2016
10/10/2016,0.7640918580375783,PEC 241/2016
10/10/2016,0.7640918580375783,PEC 241/2016
10/10/2016,0.7640918580375783,PEC 241/2016
10/10/2016,0.7640918580375783,PEC 241/2016
10/10/2016,0.7640918580375783,PEC 241/2016
10/10/2016,0.7640918580375783,PEC 241/2016
10/10/2016,0.7640918580375783,PEC 241/2016
10/10/2016,0.7640918580375783,PEC 241/2016
10/10/2016,0.7640918580375783,PEC 241/2016
10/10/2016,0.7640918580375783,PEC 241/2016
10/10/2016,0.7640918580375783,PEC 241/2016
10/10/2016,0.7640918580375783,PEC 241/2016
10/10/2016,0.7640918580375783,PEC 241/2016
10/10/2016,0.7640918580375783,PEC 241/2016
10/10/2016,0.7640918580375783,PEC 241/2016
10/10/2016,0.7640918580375783,PEC 241/2016
10/10/2016,0.7640918580375783,PEC 241/2016
10/10/2016,0.7640918580375783,PEC 241/2016
6/7/2016,0.655440414507772,REQ 4818/2016 => PLP 257/2016
6/7/2016,0.9251336898395722,REQ 4864/2016 => PL 5768/2016
26/10/2016,0.7019867549668874,MPV 738/2016 
12/7/2016,0.7346491228070176,REQ 4879/2016 => PLP 257/2016
12/7/2016,0.7624434389140271,REQ 4880/2016 => PL 4567/2016
18/10/2016,0.7909090909090909,PLN 14/2016 CN
14/12/2016,0.7241379310344828,MPV 744/2016 
14/12/2016,0.7241379310344828,MPV 744/2016 
14/12/2016,0.7241379310344828,MPV 744/2016 
7/12/2016,0.6123778501628665,MPV 745/2016 
7/12/2016,0.6123778501628665,MPV 745/2016 
7/12/2016,0.706989247311828,MPV 746/2016 
7/12/2016,0.706989247311828,MPV 746/2016 
7/12/2016,0.706989247311828,MPV 746/2016 
7/12/2016,0.706989247311828,MPV 746/2016 
7/12/2016,0.706989247311828,MPV 746/2016 
7/12/2016,0.706989247311828,MPV 746/2016 
7/12/2016,0.706989247311828,MPV 746/2016 
7/12/2016,0.706989247311828,MPV 746/2016 
7/12/2016,0.706989247311828,MPV 746/2016 
7/12/2016,0.706989247311828,MPV 746/2016 
5/10/2016,0.7354497354497355,REQ 5266/2016 => PL 2617/2015
10/10/2016,0.7894736842105263,REQ 5298/2016 => PEC 241/2016
22/11/2016,0.7556675062972292,REQ 5472/2016 => PL 6427/2016
28/11/2017,0.6443768996960486,PL 2671/1989
22/3/2017,0.6264236902050114,PL 4302/1998
22/3/2017,0.6264236902050114,PL 4302/1998
22/3/2017,0.6264236902050114,PL 4302/1998
22/3/2017,0.6264236902050114,PL 4302/1998
7/11/2017,0.7629179331306991,PL 2862/2004
7/11/2017,0.7629179331306991,PL 2862/2004
31/10/2017,0.8672566371681416,PLP 76/2007
31/10/2017,0.8672566371681416,PLP 76/2007
28/11/2017,0.983739837398374,PLP 100/2011
9/11/2017,0.8320610687022901,PL 3468/2012
30/9/2015,0.8320610687022901,PEC 209/2012
21/10/2015,0.8320610687022901,PEC 395/2014
21/10/2015,0.8320610687022901,PEC 395/2014
24/5/2017,0.8024691358024691,PLP 54/2015
24/5/2017,0.8024691358024691,PLP 54/2015
24/5/2017,0.8024691358024691,PLP 54/2015
8/2/2017,0.995049504950495,PLP 163/2015
6/12/2017,0.996996996996997,PLP 171/2015
16/8/2017,0.8411214953271028,PL 3376/2015
4/9/2017,0.9831081081081081,REQ 4009/2016 => PLP 76/2007
7/6/2017,0.9600886917960089,PEC 199/2016
7/6/2017,0.9600886917960089,PEC 199/2016
7/6/2017,0.9600886917960089,PEC 199/2016
7/6/2017,0.9600886917960089,PEC 199/2016
7/6/2017,0.9600886917960089,PEC 199/2016
7/6/2017,0.9600886917960089,PEC 199/2016
6/12/2017,1.0,PEC 212/2016
6/12/2017,1.0,PEC 212/2016
19/12/2017,0.7237237237237237,PDC 424/2016
8/2/2017,0.7404371584699454,MSC 471/2016 => MSC 463/2013 => PL 6646/2013
21/2/2017,0.7611111111111111,MPV 747/2016 
21/2/2017,0.7611111111111111,MPV 747/2016 
14/3/2017,0.8613569321533924,REQ 5468/2016 => PLP 54/2015
28/3/2017,0.4211764705882353,MPV 751/2016 
15/2/2017,0.6981566820276498,PL 6568/2016
2/5/2017,0.675,MPV 752/2016
2/5/2017,0.675,MPV 752/2016
2/5/2017,0.675,MPV 752/2016
2/5/2017,0.675,MPV 752/2016
17/5/2017,0.9702602230483272,MPV 755/2016 
16/5/2017,0.7611940298507462,MPV 756/2016 
16/5/2017,0.7611940298507462,MPV 756/2016 
16/5/2017,0.7611940298507462,MPV 756/2016 
16/5/2017,0.7611940298507462,MPV 756/2016 
16/5/2017,0.7611940298507462,MPV 756/2016 
16/5/2017,0.7611940298507462,MPV 756/2016 
16/5/2017,0.7611940298507462,MPV 756/2016 
15/5/2017,0.7457627118644068,MPV 757/2016 
16/5/2017,0.7342192691029901,MPV 758/2016 
16/5/2017,0.7342192691029901,MPV 758/2016 
16/5/2017,0.7342192691029901,MPV 758/2016 
16/5/2017,0.7342192691029901,MPV 758/2016 
16/5/2017,0.7342192691029901,MPV 758/2016 
16/5/2017,0.7342192691029901,MPV 758/2016 
16/5/2017,0.7342192691029901,MPV 758/2016 
26/4/2017,0.678343949044586,PL 6787/2016
26/4/2017,0.678343949044586,PL 6787/2016
26/4/2017,0.678343949044586,PL 6787/2016
26/4/2017,0.678343949044586,PL 6787/2016
26/4/2017,0.678343949044586,PL 6787/2016
26/4/2017,0.678343949044586,PL 6787/2016
26/4/2017,0.678343949044586,PL 6787/2016
26/4/2017,0.678343949044586,PL 6787/2016
26/4/2017,0.678343949044586,PL 6787/2016
27/6/2017,0.7681564245810056,MPV 759/2016 
27/6/2017,0.7681564245810056,MPV 759/2016 
27/6/2017,0.7681564245810056,MPV 759/2016 
27/6/2017,0.7681564245810056,MPV 759/2016 
27/6/2017,0.7681564245810056,MPV 759/2016 
23/5/2017,0.7787878787878788,MPV 763/2016 
23/5/2017,0.7787878787878788,MPV 763/2016 
23/5/2017,0.7787878787878788,MPV 763/2016 
23/5/2017,0.7787878787878788,MPV 763/2016 
24/5/2017,0.8181818181818182,MPV 765/2016 
24/5/2017,0.7543859649122807,MPV 767/2017
10/5/2017,0.8672985781990521,PEC 304/2017
10/5/2017,0.8672985781990521,PEC 304/2017
10/5/2017,0.8672985781990521,PEC 304/2017
5/4/2017,0.6712328767123288,PLP 343/2017
5/4/2017,0.6712328767123288,PLP 343/2017
5/4/2017,0.6712328767123288,PLP 343/2017
5/4/2017,0.6712328767123288,PLP 343/2017
5/4/2017,0.6712328767123288,PLP 343/2017
5/4/2017,0.6712328767123288,PLP 343/2017
5/4/2017,0.6712328767123288,PLP 343/2017
5/4/2017,0.6712328767123288,PLP 343/2017
5/4/2017,0.6712328767123288,PLP 343/2017
5/4/2017,0.6712328767123288,PLP 343/2017
5/4/2017,0.6712328767123288,PLP 343/2017
5/4/2017,0.6712328767123288,PLP 343/2017
5/4/2017,0.6712328767123288,PLP 343/2017
5/4/2017,0.6712328767123288,PLP 343/2017
5/4/2017,0.6712328767123288,PLP 343/2017
5/4/2017,0.6712328767123288,PLP 343/2017
5/4/2017,0.6712328767123288,PLP 343/2017
5/4/2017,0.6712328767123288,PLP 343/2017
5/4/2017,0.6712328767123288,PLP 343/2017
5/4/2017,0.6712328767123288,PLP 343/2017
5/4/2017,0.6712328767123288,PLP 343/2017
5/4/2017,0.6712328767123288,PLP 343/2017
5/4/2017,0.6712328767123288,PLP 343/2017
16/5/2017,0.9773371104815864,REQ 6015/2017 => PLP 100/2011
14/3/2017,0.8994974874371859,REQ 6026/2017 => PL 1530/2015
23/3/2017,0.7087087087087087,REQ 6053/2017 => RCP 26/2016
14/3/2017,0.8902439024390244,REQ 6074/2017 => PLP 343/2017
28/6/2017,0.7590673575129534,MPV 770/2017 
28/6/2017,0.7590673575129534,MPV 770/2017 
28/6/2017,0.7590673575129534,MPV 770/2017 
28/6/2017,0.7590673575129534,MPV 770/2017 
5/7/2017,0.697452229299363,MPV 771/2017 
5/7/2017,0.697452229299363,MPV 771/2017 
5/7/2017,0.697452229299363,MPV 771/2017 
5/7/2017,0.697452229299363,MPV 771/2017 
11/7/2017,0.8430034129692833,MPV 772/2017 
11/7/2017,0.8430034129692833,MPV 772/2017 
11/7/2017,0.8430034129692833,MPV 772/2017 
11/7/2017,0.8430034129692833,MPV 772/2017 
11/7/2017,0.8430034129692833,MPV 772/2017 
14/8/2017,0.7535545023696683,MPV 775/2017 
14/8/2017,0.7535545023696683,MPV 775/2017 
12/12/2017,0.63125,PL 7391/2017
12/12/2017,0.63125,PL 7391/2017
12/12/2017,0.63125,PL 7391/2017
18/4/2017,0.583756345177665,REQ 6281/2017 => PL 6787/2016
19/4/2017,0.6463963963963963,REQ 6292/2017 => PL 6787/2016
5/9/2017,0.582089552238806,MPV 776/2017 
23/8/2017,0.7543352601156069,MPV 777/2017 
23/8/2017,0.7543352601156069,MPV 777/2017 
23/8/2017,0.7543352601156069,MPV 777/2017 
23/8/2017,0.7543352601156069,MPV 777/2017 
23/8/2017,0.7543352601156069,MPV 777/2017 
23/8/2017,0.7543352601156069,MPV 777/2017 
23/8/2017,0.7543352601156069,MPV 777/2017 
23/8/2017,0.7543352601156069,MPV 777/2017 
23/8/2017,0.7543352601156069,MPV 777/2017 
8/8/2017,0.8623376623376623,REQ 6368/2017 => PL 3376/2015
13/12/2017,0.9575163398692811,REQ 6460/2017 => PL 6699/2002
22/8/2017,0.26525198938992045,MPV 778/2017 
12/9/2017,0.40625,MPV 780/2017 
12/9/2017,0.40625,MPV 780/2017 
12/9/2017,0.40625,MPV 780/2017 
12/9/2017,0.40625,MPV 780/2017 
20/9/2017,0.5434173669467787,MPV 781/2017 
13/12/2017,0.5434173669467787,REQ 6542/2017 => PL 7574/2017
3/10/2017,0.5434173669467787,MPV 783/2017 
3/10/2017,0.5434173669467787,MPV 783/2017 
3/10/2017,0.5434173669467787,MPV 783/2017 
3/10/2017,0.5434173669467787,MPV 783/2017 
3/10/2017,0.5434173669467787,MPV 783/2017 
3/10/2017,0.5434173669467787,MPV 783/2017 
3/10/2017,0.5434173669467787,MPV 783/2017 
3/10/2017,0.5434173669467787,MPV 783/2017 
13/6/2017,0.7911227154046997,REQ 6711/2017 => PL 7626/2017
31/10/2017,0.7082152974504249,MPV 785/2017 
31/10/2017,0.7082152974504249,MPV 785/2017 
31/10/2017,0.7082152974504249,MPV 785/2017 
31/10/2017,0.7082152974504249,MPV 785/2017 
21/11/2017,0.5228758169934641,MPV 786/2017 
22/11/2017,0.6138613861386139,MPV 787/2017 
21/11/2017,0.515625,MPV 789/2017 
23/11/2017,0.75,MPV 793/2017 
23/11/2017,0.75,MPV 793/2017 
30/8/2017,0.9302325581395349,PLN 17/2017 CN
30/8/2017,0.9302325581395349,PLN 17/2017 CN
30/8/2017,0.9302325581395349,PLN 17/2017 CN
30/8/2017,0.9302325581395349,PLN 17/2017 CN
13/12/2017,0.5061425061425061,MPV 795/2017 
13/12/2017,0.5061425061425061,MPV 795/2017 
13/12/2017,0.5061425061425061,MPV 795/2017 
13/12/2017,0.5061425061425061,MPV 795/2017 
13/12/2017,0.5061425061425061,MPV 795/2017 
13/12/2017,0.5061425061425061,MPV 795/2017 
13/12/2017,0.5061425061425061,MPV 795/2017 
13/12/2017,0.5061425061425061,MPV 795/2017 
12/12/2017,0.9033078880407125,REQ 7073/2017 => PL 8327/2017
18/10/2017,0.692063492063492,PL 8843/2017
18/10/2017,0.692063492063492,PL 8843/2017
18/10/2017,0.692063492063492,PL 8843/2017
17/10/2017,0.6356164383561644,REQ 7459/2017 => PL 8843/2017
6/12/2017,0.9931972789115646,REQ 7701/2017 => PL 8132/2017
22/11/2017,0.9676375404530745,REQ 7704/2017 => PL 9086/2017
29/11/2017,0.876010781671159,REQ 7790/2017 => PL 9206/2017
6/12/2017,0.9436201780415431,PL 9247/2017
6/12/2017,0.9753846153846154,REQ 7828/2017 => PL 9247/2017
21/3/2018,0.8311258278145696,PL 333/1999
21/3/2018,0.8311258278145696,PL 333/1999
21/3/2018,0.8311258278145696,PL 333/1999
14/6/2000,0.7908847184986595,PL 1428/1999
14/6/2000,0.7908847184986595,PL 1428/1999
13/3/2018,0.6994535519125683,PL 595/2003
4/4/2018,0.752442996742671,PL 1202/2007
4/4/2018,0.752442996742671,PL 1202/2007
11/4/2018,0.8729641693811075,PL 3734/2012
11/4/2018,0.8729641693811075,PL 3734/2012
11/4/2018,0.8729641693811075,PL 3734/2012
11/4/2018,0.8729641693811075,PL 3734/2012
11/4/2018,0.8729641693811075,PL 3734/2012
11/4/2018,0.8729641693811075,PL 3734/2012
11/4/2018,0.8729641693811075,PL 3734/2012
11/4/2018,0.8729641693811075,PL 3734/2012
11/4/2018,0.8729641693811075,PL 3734/2012
11/4/2018,0.8729641693811075,PL 3734/2012
11/4/2018,0.8729641693811075,PL 3734/2012
11/12/2018,1.0,PLP 420/2014
6/6/2018,0.9454545454545454,PL 1220/2015
6/6/2018,0.9454545454545454,PL 1220/2015
3/7/2018,0.8135593220338984,REQ 6772/2017 => PLP 270/2016
27/2/2018,0.6521739130434783,MPV 801/2017 
19/6/2018,0.6832298136645962,PL 8939/2017
19/6/2018,0.6832298136645962,PL 8939/2017
19/6/2018,0.6832298136645962,PL 8939/2017
19/6/2018,0.6832298136645962,PL 8939/2017
19/6/2018,0.6832298136645962,PL 8939/2017
19/6/2018,0.6832298136645962,PL 8939/2017
19/6/2018,0.6832298136645962,PL 8939/2017
19/6/2018,0.6832298136645962,PL 8939/2017
19/6/2018,0.6832298136645962,PL 8939/2017
19/6/2018,0.6832298136645962,PL 8939/2017
19/6/2018,0.6832298136645962,PL 8939/2017
19/6/2018,0.6832298136645962,PL 8939/2017
19/6/2018,0.6832298136645962,PL 8939/2017
19/6/2018,0.6832298136645962,PL 8939/2017
19/6/2018,0.6832298136645962,PL 8939/2017
27/11/2018,0.8060941828254847,REQ 7635/2017 => PL 7223/2006
18/4/2018,0.7012195121951219,PLP 441/2017
18/4/2018,0.7012195121951219,PLP 441/2017
18/4/2018,0.7012195121951219,PLP 441/2017
18/4/2018,0.7012195121951219,PLP 441/2017
18/4/2018,0.7012195121951219,PLP 441/2017
18/4/2018,0.7012195121951219,PLP 441/2017
18/4/2018,0.7012195121951219,PLP 441/2017
18/4/2018,0.7012195121951219,PLP 441/2017
24/4/2018,0.7723076923076924,MPV 809/2017 
24/4/2018,0.7723076923076924,MPV 809/2017 
24/4/2018,0.7723076923076924,MPV 809/2017 
24/4/2018,0.7723076923076924,MPV 809/2017 
24/4/2018,0.7723076923076924,MPV 809/2017 
24/4/2018,0.7723076923076924,MPV 809/2017 
24/4/2018,0.7723076923076924,MPV 809/2017 
24/4/2018,0.7723076923076924,MPV 809/2017 
24/4/2018,0.7723076923076924,MPV 809/2017 
24/4/2018,0.7723076923076924,MPV 809/2017 
24/4/2018,0.7723076923076924,MPV 809/2017 
24/4/2018,0.7723076923076924,MPV 809/2017 
24/4/2018,0.7723076923076924,MPV 809/2017 
24/4/2018,0.7723076923076924,MPV 809/2017 
24/4/2018,0.7723076923076924,MPV 809/2017 
24/4/2018,0.7723076923076924,MPV 809/2017 
13/6/2018,0.7168367346938775,REQ 7835/2017 => PL 8939/2017
8/5/2018,0.7899408284023669,MPV 810/2017
8/5/2018,0.7899408284023669,MPV 810/2017
8/5/2018,0.7899408284023669,MPV 810/2017
8/5/2018,0.7899408284023669,MPV 810/2017
6/6/2018,0.948905109489051,PL 9327/2017
15/5/2018,0.7461300309597523,MPV 811/2017
15/5/2018,0.7461300309597523,MPV 811/2017
15/5/2018,0.7461300309597523,MPV 811/2017
15/5/2018,0.7461300309597523,MPV 811/2017
15/5/2018,0.7461300309597523,MPV 811/2017
15/5/2018,0.7461300309597523,MPV 811/2017
15/5/2018,0.7461300309597523,MPV 811/2017
15/5/2018,0.7461300309597523,MPV 811/2017
15/5/2018,0.7461300309597523,MPV 811/2017
15/5/2018,0.7461300309597523,MPV 811/2017
15/5/2018,0.7461300309597523,MPV 811/2017
15/5/2018,0.7461300309597523,MPV 811/2017
15/5/2018,0.7461300309597523,MPV 811/2017
15/5/2018,0.7461300309597523,MPV 811/2017
22/5/2018,0.8289085545722714,MPV 812/2017
19/2/2018,0.7993827160493827,MSC 80/2018
19/2/2018,0.7993827160493827,MSC 80/2018
19/2/2018,0.8232445520581114,PDC 886/2018
19/2/2018,0.8232445520581114,PDC 886/2018
19/2/2018,0.8232445520581114,PDC 886/2018
19/2/2018,0.8232445520581114,PDC 886/2018
13/6/2018,0.6990291262135923,MPV 821/2018 
14/3/2018,0.8817480719794345,REQ 8239/2018 => PL 3734/2012
11/7/2018,0.17509727626459143,PLN 2/2018 CN
25/4/2018,0.7850162866449512,PLN 5/2018 CN
20/6/2018,0.7850162866449512,REQ 8486/2018 => PDC 916/2018
9/5/2018,0.8062678062678063,REQ 8498/2018 => PL 9557/2018
15/5/2018,0.64,PLN 7/2018 CN
2/5/2018,0.677115987460815,PLN 8/2018 CN
20/6/2018,0.9953271028037384,PLP 500/2018
20/6/2018,0.9953271028037384,PLP 500/2018
9/5/2018,0.9628571428571429,REQ 8525/2018 => PDC 920/2018
28/5/2018,0.9512987012987013,REQ 8676/2018 => PL 9327/2017
4/7/2018,0.6560693641618497,PL 10332/2018
4/7/2018,0.6560693641618497,PL 10332/2018
4/7/2018,0.6560693641618497,PL 10332/2018
4/7/2018,0.6560693641618497,PL 10332/2018
4/7/2018,0.6560693641618497,PL 10332/2018
4/7/2018,0.6560693641618497,PL 10332/2018
4/7/2018,0.6560693641618497,PL 10332/2018
4/7/2018,0.6560693641618497,PL 10332/2018
4/7/2018,0.6560693641618497,PL 10332/2018
4/7/2018,0.6560693641618497,PL 10332/2018
4/7/2018,0.6560693641618497,PL 10332/2018
4/7/2018,0.6560693641618497,PL 10332/2018
11/7/2018,0.5892857142857143,PLN 13/2018 CN
3/7/2018,0.6475644699140402,REQ 8988/2018 => PL 10332/2018
3/7/2018,0.6771428571428572,REQ 8994/2018 => PL 121/1999
21/11/2018,0.3908355795148248,MPV 845/2018 
21/11/2018,0.3908355795148248,MPV 845/2018 
30/10/2018,0.8461538461538461,MPV 848/2018 
30/10/2018,0.8461538461538461,MPV 848/2018 
20/11/2018,0.9060402684563759,REQ 9249/2018 => PLP 459/2017
21/11/2018,0.8958333333333334,PLP 549/2018
21/11/2018,0.8958333333333334,PLP 549/2018
20/11/2018,0.8314917127071824,REQ 9264/2018 => PL 10431/2018
11/12/2018,0.7988980716253443,PDC 1105/2018
17/6/2019,0.7710437710437711,PL 1292/1995
17/6/2019,0.7710437710437711,PL 1292/1995
17/6/2019,0.7710437710437711,PL 1292/1995
17/6/2019,0.7710437710437711,PL 1292/1995
17/6/2019,0.7710437710437711,PL 1292/1995
17/6/2019,0.7710437710437711,PL 1292/1995
17/6/2019,0.7710437710437711,PL 1292/1995
12/3/2019,0.6879795396419437,PL 4742/2001
12/3/2019,0.6879795396419437,PL 4742/2001
12/5/2010,0.8281786941580757,PL 1481/2007
12/5/2010,0.8281786941580757,PL 1481/2007
5/6/2019,0.9974683544303797,PEC 70/2011
5/6/2019,0.9974683544303797,PEC 70/2011
5/6/2019,0.9974683544303797,PEC 70/2011
26/3/2019,0.9847826086956522,PEC 2/2015
26/3/2019,0.9847826086956522,PEC 2/2015
26/3/2019,0.9847826086956522,PEC 2/2015
26/3/2019,0.9847826086956522,PEC 2/2015
26/3/2019,0.9847826086956522,PEC 2/2015
20/3/2019,0.8297872340425532,PL 2724/2015
20/3/2019,0.8297872340425532,PL 2724/2015
20/3/2019,0.8297872340425532,PL 2724/2015
20/3/2019,0.8297872340425532,PL 2724/2015
20/3/2019,0.8297872340425532,PL 2724/2015
20/3/2019,0.8297872340425532,PL 2724/2015
20/3/2019,0.8297872340425532,PL 2724/2015
20/3/2019,0.8297872340425532,PL 2724/2015
20/3/2019,0.8297872340425532,PL 2724/2015
20/3/2019,0.8297872340425532,PL 2724/2015
20/3/2019,0.8297872340425532,PL 2724/2015
20/3/2019,0.8297872340425532,PL 2724/2015
20/3/2019,0.8297872340425532,PL 2724/2015
20/3/2019,0.8297872340425532,PL 2724/2015
20/3/2019,0.8297872340425532,PL 2724/2015
14/2/2019,0.8507936507936508,PDC 379/2016
14/8/2019,0.289760348583878,PL 7596/2017
9/7/2019,0.8571428571428571,PL 8240/2017
9/7/2019,0.8571428571428571,PL 8240/2017
9/7/2019,0.8571428571428571,PL 8240/2017
9/7/2019,0.8571428571428571,PL 8240/2017
9/7/2019,0.8571428571428571,PL 8240/2017
9/7/2019,0.8571428571428571,PL 8240/2017
9/7/2019,0.8571428571428571,PL 8240/2017
9/7/2019,0.8571428571428571,PL 8240/2017
9/7/2019,0.8571428571428571,PL 8240/2017
9/7/2019,0.8406862745098039,REQ 7516/2017 => PL 8240/2017
9/10/2019,0.9804878048780488,PEC 372/2017
9/10/2019,0.9804878048780488,PEC 372/2017
9/10/2019,0.9804878048780488,PEC 372/2017
18/4/2018,0.7012195121951219,PLP 441/2017
18/4/2018,0.7012195121951219,PLP 441/2017
18/4/2018,0.7012195121951219,PLP 441/2017
18/4/2018,0.7012195121951219,PLP 441/2017
18/4/2018,0.7012195121951219,PLP 441/2017
18/4/2018,0.7012195121951219,PLP 441/2017
18/4/2018,0.7012195121951219,PLP 441/2017
18/4/2018,0.7012195121951219,PLP 441/2017
18/4/2018,0.7012195121951219,PLP 441/2017
18/4/2018,0.7012195121951219,PLP 441/2017
18/4/2018,0.7012195121951219,PLP 441/2017
18/4/2018,0.7012195121951219,PLP 441/2017
16/10/2019,0.99375,REQ 7809/2017 => PL 7789/2017
16/10/2019,1.0,REQ 7844/2017 => PL 7843/2017
17/12/2019,0.8081081081081081,PEC 391/2017
17/12/2019,0.8081081081081081,PEC 391/2017
17/12/2019,0.8081081081081081,PEC 391/2017
17/12/2019,0.8081081081081081,PEC 391/2017
2/12/2019,0.9828178694158075,PLP 461/2017
2/12/2019,0.9828178694158075,PLP 461/2017
2/12/2019,0.9828178694158075,PLP 461/2017
2/12/2019,0.9828178694158075,PLP 461/2017
2/12/2019,0.9828178694158075,PLP 461/2017
4/12/2019,0.9737470167064439,PL 10372/2018
4/12/2019,0.9737470167064439,PL 10372/2018
12/2/2019,0.8206896551724138,PL 10431/2018
12/2/2019,0.8206896551724138,PL 10431/2018
7/5/2019,0.7713567839195979,MPV 861/2018 
7/5/2019,0.7713567839195979,MPV 861/2018 
7/5/2019,0.7713567839195979,MPV 861/2018 
7/5/2019,0.7713567839195979,MPV 861/2018 
7/5/2019,0.7713567839195979,MPV 861/2018 
7/5/2019,0.7713567839195979,MPV 861/2018 
7/5/2019,0.7713567839195979,MPV 861/2018 
7/5/2019,0.7713567839195979,MPV 861/2018 
7/5/2019,0.7713567839195979,MPV 861/2018 
21/5/2019,0.8636363636363636,MPV 863/2018 
21/5/2019,0.8636363636363636,MPV 863/2018 
21/5/2019,0.8636363636363636,MPV 863/2018 
21/5/2019,0.8636363636363636,MPV 863/2018 
21/5/2019,0.8636363636363636,MPV 863/2018 
25/9/2019,0.7181208053691275,MPV 866/2018 
22/5/2019,0.4751131221719457,MPV 870/2019 
22/5/2019,0.4751131221719457,MPV 870/2019 
29/5/2019,0.8464052287581699,MPV 871/2019 
29/5/2019,0.8464052287581699,MPV 871/2019 
29/5/2019,0.8464052287581699,MPV 871/2019 
29/5/2019,0.8464052287581699,MPV 871/2019 
29/5/2019,0.8464052287581699,MPV 871/2019 
19/2/2019,0.8464052287581699,REQ 482/2019 => PDL 3/2019
6/8/2019,0.7721238938053098,PEC 6/2019
6/8/2019,0.7721238938053098,PEC 6/2019
6/8/2019,0.7721238938053098,PEC 6/2019
6/8/2019,0.7721238938053098,PEC 6/2019
6/8/2019,0.7721238938053098,PEC 6/2019
6/8/2019,0.7721238938053098,PEC 6/2019
6/8/2019,0.7721238938053098,PEC 6/2019
6/8/2019,0.7721238938053098,PEC 6/2019
6/8/2019,0.7721238938053098,PEC 6/2019
6/8/2019,0.7721238938053098,PEC 6/2019
6/8/2019,0.7721238938053098,PEC 6/2019
6/8/2019,0.7721238938053098,PEC 6/2019
6/8/2019,0.7721238938053098,PEC 6/2019
6/8/2019,0.7721238938053098,PEC 6/2019
6/8/2019,0.7721238938053098,PEC 6/2019
6/8/2019,0.7721238938053098,PEC 6/2019
6/8/2019,0.7721238938053098,PEC 6/2019
6/8/2019,0.7721238938053098,PEC 6/2019
6/8/2019,0.7721238938053098,PEC 6/2019
6/8/2019,0.7721238938053098,PEC 6/2019
6/8/2019,0.7721238938053098,PEC 6/2019
6/8/2019,0.7721238938053098,PEC 6/2019
6/8/2019,0.7721238938053098,PEC 6/2019
6/8/2019,0.7721238938053098,PEC 6/2019
6/8/2019,0.7721238938053098,PEC 6/2019
6/8/2019,0.7721238938053098,PEC 6/2019
6/8/2019,0.7721238938053098,PEC 6/2019
6/8/2019,0.7721238938053098,PEC 6/2019
6/8/2019,0.7721238938053098,PEC 6/2019
6/8/2019,0.7721238938053098,PEC 6/2019
6/8/2019,0.7721238938053098,PEC 6/2019
6/8/2019,0.7721238938053098,PEC 6/2019
6/8/2019,0.7721238938053098,PEC 6/2019
6/8/2019,0.7721238938053098,PEC 6/2019
6/8/2019,0.7721238938053098,PEC 6/2019
6/8/2019,0.7721238938053098,PEC 6/2019
6/8/2019,0.7721238938053098,PEC 6/2019
6/8/2019,0.7721238938053098,PEC 6/2019
6/8/2019,0.7721238938053098,PEC 6/2019
6/8/2019,0.7721238938053098,PEC 6/2019
6/8/2019,0.7721238938053098,PEC 6/2019
6/8/2019,0.7721238938053098,PEC 6/2019
6/8/2019,0.7721238938053098,PEC 6/2019
6/8/2019,0.7721238938053098,PEC 6/2019
5/6/2019,0.994535519125683,PEC 34/2019
5/6/2019,0.994535519125683,PEC 34/2019
5/6/2019,0.994535519125683,PEC 34/2019
5/6/2019,0.994535519125683,PEC 34/2019
5/6/2019,0.994535519125683,PEC 34/2019
19/11/2019,0.9702233250620348,PEC 48/2019
19/11/2019,0.9702233250620348,PEC 48/2019
9/10/2019,0.5642458100558659,PLN 5/2019 CN
20/8/2019,0.9169435215946844,MPV 879/2019 
20/8/2019,0.9169435215946844,MPV 879/2019 
20/8/2019,0.9169435215946844,MPV 879/2019 
20/8/2019,0.9169435215946844,MPV 879/2019 
20/8/2019,0.9169435215946844,MPV 879/2019 
20/8/2019,0.9169435215946844,MPV 879/2019 
13/8/2019,0.797752808988764,MPV 881/2019
13/8/2019,0.797752808988764,MPV 881/2019
13/8/2019,0.797752808988764,MPV 881/2019
13/8/2019,0.797752808988764,MPV 881/2019
13/8/2019,0.797752808988764,MPV 881/2019
13/8/2019,0.797752808988764,MPV 881/2019
13/8/2019,0.797752808988764,MPV 881/2019
13/8/2019,0.797752808988764,MPV 881/2019
13/8/2019,0.797752808988764,MPV 881/2019
13/8/2019,0.797752808988764,MPV 881/2019
13/8/2019,0.797752808988764,MPV 881/2019
13/8/2019,0.797752808988764,MPV 881/2019
13/8/2019,0.797752808988764,MPV 881/2019
6/11/2019,0.671875,REQ 1442/2019 => PL 10940/2018
14/5/2019,0.21079691516709512,REQ 1464/2019
27/8/2019,0.8710801393728222,PL 2999/2019
27/8/2019,0.8710801393728222,PL 2999/2019
27/8/2019,0.8710801393728222,PL 2999/2019
27/8/2019,0.8710801393728222,PL 2999/2019
27/8/2019,0.8710801393728222,PL 2999/2019
27/8/2019,0.8710801393728222,PL 2999/2019
11/12/2019,0.7375,PL 3261/2019
11/12/2019,0.7375,PL 3261/2019
11/12/2019,0.7375,PL 3261/2019
11/12/2019,0.7375,PL 3261/2019
11/12/2019,0.7375,PL 3261/2019
11/12/2019,0.7375,PL 3261/2019
11/12/2019,0.7375,PL 3261/2019
11/12/2019,0.7375,PL 3261/2019
11/12/2019,0.7375,PL 3261/2019
11/12/2019,0.7375,PL 3261/2019
11/12/2019,0.7375,PL 3261/2019
11/12/2019,0.7375,PL 3261/2019
11/12/2019,0.7375,PL 3261/2019
11/12/2019,0.7375,PL 3261/2019
11/12/2019,0.7375,PL 3261/2019
15/10/2019,0.8284960422163589,MPV 886/2019 
15/10/2019,0.8284960422163589,MPV 886/2019 
15/10/2019,0.8284960422163589,MPV 886/2019 
15/10/2019,0.8284960422163589,MPV 886/2019 
15/10/2019,0.8284960422163589,MPV 886/2019 
15/10/2019,0.8284960422163589,MPV 886/2019 
15/10/2019,0.8284960422163589,MPV 886/2019 
5/11/2019,0.7346368715083799,PL 3723/2019
5/11/2019,0.7346368715083799,PL 3723/2019
5/11/2019,0.7346368715083799,PL 3723/2019
5/11/2019,0.7346368715083799,PL 3723/2019
5/11/2019,0.7346368715083799,PL 3723/2019
5/11/2019,0.7346368715083799,PL 3723/2019
20/11/2019,0.07653061224489796,REQ 1844/2019
21/8/2019,0.8312020460358056,PL 3715/2019
21/8/2019,0.8312020460358056,PL 3715/2019
21/8/2019,0.8312020460358056,PL 3715/2019
21/8/2019,0.8312020460358056,PL 3715/2019
21/8/2019,0.8312020460358056,PL 3715/2019
21/8/2019,0.8312020460358056,PL 3715/2019
21/8/2019,0.8312020460358056,PL 3715/2019
21/8/2019,0.8312020460358056,PL 3715/2019
21/8/2019,0.8312020460358056,PL 3715/2019
6/11/2019,0.6928934010152284,MPV 889/2019
6/11/2019,0.6928934010152284,MPV 889/2019
6/11/2019,0.6928934010152284,MPV 889/2019
26/11/2019,0.9419795221843004,MPV 890/2019
26/11/2019,0.9419795221843004,MPV 890/2019
26/11/2019,0.9419795221843004,MPV 890/2019
26/11/2019,0.9419795221843004,MPV 890/2019
26/11/2019,0.9419795221843004,MPV 890/2019
26/11/2019,0.9419795221843004,MPV 890/2019
26/11/2019,0.9419795221843004,MPV 890/2019
26/11/2019,0.9419795221843004,MPV 890/2019
26/11/2019,0.9419795221843004,MPV 890/2019
26/11/2019,0.9419795221843004,MPV 890/2019
10/9/2019,0.9676470588235294,REQ 2070/2019
20/8/2019,0.7899761336515513,REQ 2157/2019
30/10/2019,0.9447674418604651,REQ 2164/2019
4/9/2019,0.7710280373831776,REQ 2234/2019
22/10/2019,0.7908653846153846,PDL 523/2019
22/10/2019,0.7908653846153846,PDL 523/2019
22/10/2019,0.7908653846153846,PDL 523/2019
22/10/2019,0.7908653846153846,PDL 523/2019
22/10/2019,0.7908653846153846,PDL 523/2019
22/10/2019,0.7908653846153846,PDL 523/2019
17/12/2019,0.5916870415647921,PLN 22/2019 CN
10/9/2019,0.24047619047619048,REQ 2362/2019
17/9/2019,0.5406091370558376,REQ 2381/2019
16/10/2019,0.9763157894736842,REQ 2568/2019
6/11/2019,0.7057356608478803,REQ 2569/2019
16/10/2019,0.9970238095238095,REQ 2639/2019
9/10/2019,0.9710982658959537,REQ 2660/2019
30/10/2019,0.9646017699115044,REQ 2759/2019
30/10/2019,0.9424242424242424,REQ 2763/2019
6/11/2019,0.7009132420091324,REC 55/2019
4/12/2019,0.18258426966292135,PL 5815/2019
4/12/2019,0.18258426966292135,PL 5815/2019
4/12/2019,0.18258426966292135,PL 5815/2019
16/12/2019,0.8708010335917312,PLP 223/2019
19/11/2019,0.8143564356435643,REQ 2964/2019
19/11/2019,0.7901907356948229,REQ 2965/2019
27/11/2019,0.6932989690721649,REQ 3024/2019
4/12/2019,0.9728997289972899,REQ 3157/2019
