codProp;nomeProp;dataVotacao
13749;PDC 381/1999;17/10/2001
14541;PEC 203/1995;11/12/2001
14570;PEC 222/2000;17/10/2001
14570;PEC 222/2000;17/10/2001
14570;PEC 222/2000;17/10/2001
14570;PEC 222/2000;17/10/2001
14570;PEC 222/2000;17/10/2001
14570;PEC 222/2000;05/12/2001
14570;PEC 222/2000;05/12/2001
14647;PEC 277/2000;02/10/2001
14647;PEC 277/2000;10/10/2001
14665;PEC 289/2000;23/10/2001
14694;PEC 308/1996;22/08/2001
14694;PEC 308/1996;22/08/2001
14694;PEC 308/1996;25/09/2001
14784;PEC 472/1997;06/06/2001
14784;PEC 472/1997;20/06/2001
14784;PEC 472/1997;20/06/2001
14784;PEC 472/1997;01/08/2001
14848;PEC 610/1998;06/11/2001
14848;PEC 610/1998;05/12/2001
14848;PEC 610/1998;05/12/2001
14848;PEC 610/1998;05/12/2001
17146;PL 1733/1996;19/06/2001
17715;PL 2155/1999;20/03/2001
19125;PL 3115/1997;28/03/2001
19333;PL 3242/2000;19/06/2001
19377;PL 3267/2000;20/06/2001
19804;PL 3524/2000;21/03/2001
19978;PL 3639/2000;28/03/2001
20004;PL 3657/1989;27/03/2001
20162;PL 3755/2000;13/03/2001
20588;PL 3998/2001;04/04/2001
21320;PLP 8/1999;17/04/2001
21320;PLP 8/1999;17/04/2001
21320;PLP 8/1999;18/04/2001
21320;PLP 8/1999;18/04/2001
21320;PLP 8/1999;18/04/2001
21320;PLP 8/1999;24/04/2001
21321;PLP 9/1999;28/08/2001
21321;PLP 9/1999;28/08/2001
21321;PLP 9/1999;29/08/2001
21321;PLP 9/1999;29/08/2001
21321;PLP 9/1999;29/08/2001
21321;PLP 9/1999;19/09/2001
21321;PLP 9/1999;23/10/2001
21321;PLP 9/1999;30/10/2001
21321;PLP 9/1999;30/10/2001
21321;PLP 9/1999;07/11/2001
21322;PLP 10/1999;25/04/2001
21322;PLP 10/1999;25/04/2001
21322;PLP 10/1999;25/04/2001
21344;PLP 23/1999;03/04/2001
21486;PLP 116/2000;06/02/2001
21486;PLP 116/2000;20/02/2001
21551;PLP 155/2000;22/08/2001
21611;PLP 242/1998;22/08/2001
21758;PRC 106/1992;04/09/2001
21758;PRC 106/1992;05/09/2001
21758;PRC 106/1992;03/10/2001
21955;REC 52/1999;07/06/2001
22045;REC 113/2000;20/02/2001
26057;PLP 177/2001;16/05/2001
26057;PLP 177/2001;17/05/2001
26057;PLP 177/2001;22/05/2001
26057;PLP 177/2001;22/05/2001
26057;PLP 177/2001;22/05/2001
26057;PLP 177/2001;22/05/2001
26057;PLP 177/2001;22/05/2001
26057;PLP 177/2001;23/05/2001
26057;PLP 177/2001;23/05/2001
26352;PL 4143/2001;07/08/2001
26378;PL 4177/2001;04/04/2001
26378;PL 4177/2001;11/12/2001
26523;PLP 183/2001;12/12/2001
26551;PL 4210/2001;15/05/2001
27191;PLP 195/2001;23/05/2001
27191;PLP 195/2001;29/05/2001
27191;PLP 195/2001;29/05/2001
27191;PLP 195/2001;29/05/2001
27191;PLP 195/2001;29/05/2001
27191;PLP 195/2001;30/05/2001
27191;PLP 195/2001;30/05/2001
27191;PLP 195/2001;30/05/2001
27191;PLP 195/2001;30/05/2001
27191;PLP 195/2001;30/05/2001
29133;REC 144/2001;16/08/2001
29477;MSC 527/2001;01/08/2001
32149;PRC 176/2001;21/08/2001
33846;PL 5470/2001;07/11/2001
33846;PL 5470/2001;12/12/2001
33868;PL 5483/2001;27/11/2001
33868;PL 5483/2001;27/11/2001
33868;PL 5483/2001;28/11/2001
33868;PL 5483/2001;04/12/2001
33868;PL 5483/2001;04/12/2001
37642;MPV 7/2001;06/12/2001
37642;MPV 7/2001;11/12/2001
14541;PEC 203/1995;26/02/2002
14665;PEC 289/2000;23/04/2002
16176;PL 1037/1999;09/05/2002
21306;PLP 1/1991;18/12/2002
26553;PL 4203/2001;06/03/2002
26553;PL 4203/2001;12/03/2002
32428;PEC 407/2001;20/02/2002
32428;PEC 407/2001;20/02/2002
32428;PEC 407/2001;27/02/2002
32428;PEC 407/2001;27/02/2002
32428;PEC 407/2001;19/03/2002
32428;PEC 407/2001;19/03/2002
32428;PEC 407/2001;19/03/2002
32428;PEC 407/2001;20/03/2002
32428;PEC 407/2001;20/03/2002
32428;PEC 407/2001;20/03/2002
32428;PEC 407/2001;23/04/2002
32428;PEC 407/2001;23/04/2002
41618;MPV 11/2001;26/02/2002
43617;PLP 275/2001;18/12/2002
44297;MPV 14/2001;10/04/2002
44297;MPV 14/2001;10/04/2002
44297;MPV 14/2001;10/04/2002
44311;MPV 15/2001;11/04/2002
44311;MPV 15/2001;11/04/2002
44740;MPV 16/2001;16/04/2002
44958;MPV 22/2002;17/04/2002
44963;MPV 26/2002;17/04/2002
45845;REC 211/2002 => PDC 1621/2002;24/04/2002
51232;PL 6770/2002;11/12/2002
51232;PL 6770/2002;12/12/2002
53368;REC 238/2002;18/06/2002
59119;PEC 559/2002;12/12/2002
59119;PEC 559/2002;18/12/2002
59119;PEC 559/2002;18/12/2002
65213;MPV 44/2002;05/11/2002
69840;MPV 66/2002;11/12/2002
89577;MPV 70/2002;27/11/2002
98814;PLP 347/2002;11/12/2002
98814;PLP 347/2002;11/12/2002
100739;PLP 349/2002;11/12/2002
100739;PLP 349/2002;11/12/2002
14312;PEC 53/1999;02/04/2003
14312;PEC 53/1999;02/04/2003
14312;PEC 53/1999;15/05/2003
14614;PEC 254/2000;19/11/2003
14614;PEC 254/2000;18/12/2003
14692;PEC 306/2000;02/07/2003
14692;PEC 306/2000;30/07/2003
14832;PEC 575/1998;02/12/2003
18480;PL 2681/1996;19/03/2003
19706;PL 3464/2000;30/07/2003
20125;PL 3731/1997;25/06/2003
20846;PL 4376/1993;15/10/2003
20969;PL 4572/1998;19/08/2003
20969;PL 4572/1998;19/08/2003
21391;PLP 52/1999;03/12/2003
26694;PL 4285/2001;18/11/2003
31767;PL 5073/2001;18/11/2003
32147;PLP 224/2001;03/12/2003
43733;MSC 48/2002;25/02/2003
54307;PEC 544/2002;19/11/2003
66837;PL 7136/2002;30/07/2003
102569;MPV 79/2002;12/03/2003
102569;MPV 79/2002;18/03/2003
102704;MPV 80/2002;26/02/2003
104464;PL 58/2003;12/06/2003
104934;MPV 82/2002;26/03/2003
104934;MPV 82/2002;23/04/2003
105445;MPV 86/2002;01/04/2003
105490;MPV 94/2002;22/04/2003
105503;MPV 103/2003;15/04/2003
105504;MPV 104/2003;23/04/2003
105506;MPV 106/2003;08/04/2003
105507;MPV 107/2003;29/04/2003
105507;MPV 107/2003;29/04/2003
105507;MPV 107/2003;30/04/2003
105507;MPV 107/2003;06/05/2003
105507;MPV 107/2003;06/05/2003
105507;MPV 107/2003;06/05/2003
105507;MPV 107/2003;27/05/2003
107630;PL 475/2003;19/11/2003
111346;MPV 114/2003;20/05/2003
112201;MPV 116/2003;22/05/2003
112201;MPV 116/2003;28/05/2003
112202;MPV 117/2003;28/05/2003
112202;MPV 117/2003;29/05/2003
112203;MPV 118/2003;03/06/2003
113716;PEC 40/2003;05/08/2003
113716;PEC 40/2003;05/08/2003
113716;PEC 40/2003;05/08/2003
113716;PEC 40/2003;06/08/2003
113716;PEC 40/2003;06/08/2003
113716;PEC 40/2003;06/08/2003
113716;PEC 40/2003;06/08/2003
113716;PEC 40/2003;06/08/2003
113716;PEC 40/2003;07/08/2003
113716;PEC 40/2003;07/08/2003
113716;PEC 40/2003;07/08/2003
113716;PEC 40/2003;07/08/2003
113716;PEC 40/2003;13/08/2003
113716;PEC 40/2003;13/08/2003
113716;PEC 40/2003;13/08/2003
113716;PEC 40/2003;13/08/2003
113716;PEC 40/2003;13/08/2003
113716;PEC 40/2003;26/08/2003
113716;PEC 40/2003;27/08/2003
113716;PEC 40/2003;27/08/2003
113716;PEC 40/2003;27/08/2003
113716;PEC 40/2003;27/08/2003
113717;PEC 41/2003;02/09/2003
113717;PEC 41/2003;02/09/2003
113717;PEC 41/2003;03/09/2003
113717;PEC 41/2003;04/09/2003
113717;PEC 41/2003;10/09/2003
113717;PEC 41/2003;10/09/2003
113717;PEC 41/2003;10/09/2003
113717;PEC 41/2003;10/09/2003
113717;PEC 41/2003;10/09/2003
113717;PEC 41/2003;10/09/2003
113717;PEC 41/2003;10/09/2003
113717;PEC 41/2003;10/09/2003
113717;PEC 41/2003;16/09/2003
113717;PEC 41/2003;16/09/2003
113717;PEC 41/2003;16/09/2003
113717;PEC 41/2003;16/09/2003
113717;PEC 41/2003;16/09/2003
113717;PEC 41/2003;16/09/2003
113717;PEC 41/2003;16/09/2003
113717;PEC 41/2003;17/09/2003
113717;PEC 41/2003;17/09/2003
113717;PEC 41/2003;17/09/2003
113717;PEC 41/2003;17/09/2003
113717;PEC 41/2003;17/09/2003
113717;PEC 41/2003;17/09/2003
113717;PEC 41/2003;17/09/2003
113717;PEC 41/2003;24/09/2003
113717;PEC 41/2003;24/09/2003
113717;PEC 41/2003;24/09/2003
113717;PEC 41/2003;24/09/2003
113717;PEC 41/2003;24/09/2003
113717;PEC 41/2003;24/09/2003
113717;PEC 41/2003;24/09/2003
115155;PLP 41/2003;04/06/2003
116719;MSC 199/2003 => PEC 175/1995;04/06/2003
116897;PL 1083/2003;10/06/2003
116898;PL 1084/2003;10/06/2003
116898;PL 1084/2003;11/06/2003
119684;PLP 58/2003;12/06/2003
119684;PLP 58/2003;12/06/2003
121433;MPV 120/2003;29/07/2003
121433;MPV 120/2003;29/07/2003
124115;MPV 121/2003;12/08/2003
124115;MPV 121/2003;12/08/2003
124115;MPV 121/2003;12/08/2003
124115;MPV 121/2003;12/08/2003
124116;MPV 122/2003;12/08/2003
124899;PL 1503/2003;01/10/2003
125572;PLP 72/2003;31/07/2003
125572;PLP 72/2003;31/07/2003
125572;PLP 72/2003;08/10/2003
125572;PLP 72/2003;15/10/2003
125572;PLP 72/2003;15/10/2003
125572;PLP 72/2003;15/10/2003
125572;PLP 72/2003;15/10/2003
125572;PLP 72/2003;15/10/2003
125878;PL 1555/2003;23/10/2003
126040;MPV 124/2003;28/08/2003
126143;PLP 73/2003;30/07/2003
127970;MPV 125/2003;15/09/2003
127970;MPV 125/2003;15/09/2003
127970;MPV 125/2003;15/09/2003
127970;MPV 125/2003;16/09/2003
127989;MPV 126/2003;16/09/2003
127989;MPV 126/2003;16/09/2003
127989;MPV 126/2003;16/09/2003
130914;PL 1840/2003;26/11/2003
130914;PL 1840/2003;02/12/2003
130914;PL 1840/2003;02/12/2003
130914;PL 1840/2003;02/12/2003
132375;PL 1936/2003;28/10/2003
133825;MPV 129/2003;25/11/2003
133827;MPV 130/2003;25/11/2003
133827;MPV 130/2003;25/11/2003
135255;MPV 131/2003;12/11/2003
138604;MPV 132/2003;17/12/2003
138604;MPV 132/2003;17/12/2003
139375;MPV 133/2003;17/12/2003
140406;MPV 135/2003;18/12/2003
140406;MPV 135/2003;18/12/2003
140406;MPV 135/2003;18/12/2003
140406;MPV 135/2003;18/12/2003
14614;PEC 254/2000;24/03/2004
14832;PEC 575/1998;24/03/2004
36162;PEC 438/2001;11/08/2004
97884;PEC 574/2002;12/05/2004
97884;PEC 574/2002;12/05/2004
97884;PEC 574/2002;26/05/2004
106616;PDC 13/2003;22/01/2004
109175;PLP 22/2003;11/08/2004
120186;PEC 101/2003;19/05/2004
120186;PEC 101/2003;19/05/2004
125572;PLP 72/2003;14/12/2004
125572;PLP 72/2003;14/12/2004
125572;PLP 72/2003;14/12/2004
125572;PLP 72/2003;14/12/2004
126541;PLP 76/2003;01/06/2004
126541;PLP 76/2003;11/08/2004
130685;MSC 411/2003;12/05/2004
140174;PL 2399/2003;01/06/2004
140174;PL 2399/2003;01/06/2004
140174;PL 2399/2003;11/08/2004
140375;PL 2401/2003;21/01/2004
140375;PL 2401/2003;04/02/2004
140375;PL 2401/2003;05/02/2004
143020;MPV 136/2003;21/01/2004
144047;PL 2546/2003;21/01/2004
145549;MPV 140/2003;03/02/2004
145549;MPV 140/2003;02/03/2004
147818;MPV 139/2003;27/01/2004
147818;MPV 139/2003;28/01/2004
147818;MPV 139/2003;03/02/2004
148770;MPV 143/2003;03/03/2004
148775;MPV 144/2003;28/01/2004
148775;MPV 144/2003;28/01/2004
148775;MPV 144/2003;28/01/2004
148775;MPV 144/2003;28/01/2004
149095;MPV 147/2003;23/03/2004
149101;MPV 148/2003;10/03/2004
149109;MPV 141/2003;09/03/2004
150357;MPV 153/2003;06/04/2004
150357;MPV 153/2003;13/04/2004
150357;MPV 153/2003;14/04/2004
150357;MPV 153/2003;14/04/2004
150357;MPV 153/2003;27/04/2004
150358;MPV 154/2003;11/03/2004
150358;MPV 154/2003;11/03/2004
150359;MPV 155/2003;27/04/2004
150359;MPV 155/2003;27/04/2004
150373;MPV 160/2003;13/04/2004
150373;MPV 160/2003;13/04/2004
150399;PEC 227/2004;08/07/2004
150399;PEC 227/2004;15/12/2004
150410;PEC 228/2004;24/03/2004
150410;PEC 228/2004;31/03/2004
151648;MPV 161/2004;11/03/2004
153158;MSC 62/2004;17/02/2004
153730;MPV 165/2004;30/03/2004
153730;MPV 165/2004;30/03/2004
153730;MPV 165/2004;30/03/2004
154465;MPV 166/2004;28/04/2004
154528;MPV 167/2004;04/05/2004
154528;MPV 167/2004;04/05/2004
154528;MPV 167/2004;04/05/2004
154528;MPV 167/2004;04/05/2004
154528;MPV 167/2004;05/05/2004
154528;MPV 167/2004;05/05/2004
154538;MPV 168/2004;23/03/2004
154538;MPV 168/2004;30/03/2004
154539;MPV 169/2004;05/05/2004
158197;MPV 177/2004;08/06/2004
158197;MPV 177/2004;15/06/2004
159554;MPV 179/2004;19/05/2004
251072;MPV 182/2004;02/06/2004
251072;MPV 182/2004;02/06/2004
251072;MPV 182/2004;02/06/2004
251072;MPV 182/2004;23/06/2004
251120;MPV 183/2004;05/07/2004
251120;MPV 183/2004;06/07/2004
251120;MPV 183/2004;06/07/2004
251120;MPV 183/2004;07/07/2004
251120;MPV 183/2004;07/07/2004
251120;MPV 183/2004;07/07/2004
251120;MPV 183/2004;07/07/2004
251745;PL 3476/2004;12/05/2004
252088;MSC 205/2004;12/05/2004
252088;MSC 205/2004;12/05/2004
252302;MSC 210/2004;12/05/2004
256022;PEC 285/2004;15/12/2004
257781;MPV 191/2004;24/08/2004
257781;MPV 191/2004;06/10/2004
257781;MPV 191/2004;06/10/2004
258267;PLP 188/2004;11/08/2004
258595;MPV 192/2004;25/08/2004
258595;MPV 192/2004;25/08/2004
258595;MPV 192/2004;14/09/2004
258595;MPV 192/2004;19/10/2004
259289;MPV 194/2004;19/10/2004
259400;MPV 195/2004;19/10/2004
259613;MPV 196/2004;20/10/2004
259613;MPV 196/2004;20/10/2004
259613;MPV 196/2004;26/10/2004
259613;MPV 196/2004;09/11/2004
260897;MPV 198/2004;17/11/2004
260897;MPV 198/2004;17/11/2004
260897;MPV 198/2004;23/11/2004
260897;MPV 198/2004;23/11/2004
260897;MPV 198/2004;23/11/2004
260950;MPV 200/2004;24/11/2004
260950;MPV 200/2004;24/11/2004
261022;MPV 201/2004;24/11/2004
261463;MPV 206/2004;30/11/2004
261463;MPV 206/2004;30/11/2004
262198;MPV 207/2004;30/11/2004
262198;MPV 207/2004;30/11/2004
262198;MPV 207/2004;01/12/2004
262198;MPV 207/2004;01/12/2004
262712;MPV 208/2004;01/12/2004
265572;MPV 219/2004;08/12/2004
265572;MPV 219/2004;08/12/2004
21585;PLP 187/1997;07/12/2005
106071;PEC 7/2003;07/12/2005
106071;PEC 7/2003;07/12/2005
117570;PL 1144/2003;13/07/2005
140375;PL 2401/2003;02/03/2005
140375;PL 2401/2003;02/03/2005
140375;PL 2401/2003;02/03/2005
140375;PL 2401/2003;02/03/2005
140375;PL 2401/2003;02/03/2005
147085;REQ 1452/2003 => PL 4846/1994;17/03/2005
150399;PEC 227/2004;09/03/2005
150399;PEC 227/2004;15/03/2005
150399;PEC 227/2004;15/03/2005
150399;PEC 227/2004;15/03/2005
150399;PEC 227/2004;16/03/2005
150399;PEC 227/2004;16/03/2005
150399;PEC 227/2004;16/03/2005
252972;PDC 1274/2004;06/07/2005
252972;PDC 1274/2004;06/07/2005
254614;PL 3627/2004;29/11/2005
259979;PDC 1353/2004;11/05/2005
270567;MPV 225/2004;23/02/2005
272058;PL 4559/2004;29/11/2005
272146;MPV 227/2004;09/03/2005
272914;MPV 228/2004;15/03/2005
274634;MPV 231/2004;19/04/2005
274653;MPV 232/2004;30/03/2005
274654;MPV 233/2004;24/05/2005
277133;MPV 241/2005;01/06/2005
277133;MPV 241/2005;01/06/2005
277133;MPV 241/2005;30/06/2005
277133;MPV 241/2005;30/06/2005
277133;MPV 241/2005;30/06/2005
279507;MPV 242/2005;07/06/2005
279507;MPV 242/2005;08/06/2005
279507;MPV 242/2005;15/06/2005
279543;PL 4955/2005;06/07/2005
280978;MPV 245/2005;16/06/2005
282740;MPV 248/2005;22/06/2005
282740;MPV 248/2005;22/06/2005
282740;MPV 248/2005;22/06/2005
282740;MPV 248/2005;23/06/2005
282740;MPV 248/2005;27/06/2005
282740;MPV 248/2005;28/06/2005
282740;MPV 248/2005;28/06/2005
282740;MPV 248/2005;17/08/2005
284448;PLP 244/2005;07/12/2005
284567;MPV 249/2005;28/06/2005
284567;MPV 249/2005;28/06/2005
284567;MPV 249/2005;29/06/2005
286611;MPV 250/2005;04/07/2005
286611;MPV 250/2005;05/07/2005
286611;MPV 250/2005;05/07/2005
289038;PRC 248/2005;29/06/2005
289038;PRC 248/2005;29/06/2005
289945;MPV 251/2005;31/08/2005
290460;MPV 252/2005;23/08/2005
290460;MPV 252/2005;24/08/2005
290460;MPV 252/2005;11/10/2005
292328;PL 5524/2005;07/12/2005
292328;PL 5524/2005;13/12/2005
292328;PL 5524/2005;13/12/2005
292729;MPV 255/2005;04/10/2005
294427;MPV 256/2005;05/10/2005
294428;MPV 257/2005;05/10/2005
294429;MPV 258/2005;20/10/2005
294429;MPV 258/2005;25/10/2005
294429;MPV 258/2005;26/10/2005
294429;MPV 258/2005;26/10/2005
294429;MPV 258/2005;31/10/2005
294429;MPV 258/2005;01/11/2005
294429;MPV 258/2005;08/11/2005
294429;MPV 258/2005;08/11/2005
294429;MPV 258/2005;08/11/2005
294429;MPV 258/2005;09/11/2005
294429;MPV 258/2005;09/11/2005
294429;MPV 258/2005;09/11/2005
294430;MPV 259/2005;19/10/2005
294430;MPV 259/2005;19/10/2005
295143;REP 37/2005;14/12/2005
295336;REP 38/2005;30/11/2005
295338;REP 40/2005;09/11/2005
298221;MPV 260/2005;16/11/2005
304792;MPV 264/2005;13/12/2005
14720;PEC 347/1996;18/01/2006
14720;PEC 347/1996;01/02/2006
14809;PEC 536/1997;24/01/2006
14809;PEC 536/1997;24/01/2006
14809;PEC 536/1997;24/01/2006
14809;PEC 536/1997;02/02/2006
14809;PEC 536/1997;22/11/2006
14809;PEC 536/1997;22/11/2006
14809;PEC 536/1997;22/11/2006
14809;PEC 536/1997;06/12/2006
28376;PEC 349/2001;05/09/2006
56373;PEC 548/2002;25/01/2006
56373;PEC 548/2002;25/01/2006
56373;PEC 548/2002;08/02/2006
106071;PEC 7/2003;18/01/2006
106071;PEC 7/2003;18/01/2006
106071;PEC 7/2003;01/02/2006
109175;PLP 22/2003;29/11/2006
109175;PLP 22/2003;29/11/2006
126541;PLP 76/2003;28/11/2006
126541;PLP 76/2003;28/11/2006
142458;PEC 199/2003;18/01/2006
142458;PEC 199/2003;01/02/2006
150559;PLP 123/2004;05/09/2006
150559;PLP 123/2004;22/11/2006
257126;PLP 184/2004;29/11/2006
259979;PDC 1353/2004;13/12/2006
269767;PL 4428/2004;07/02/2006
272315;PL 4591/2004;29/11/2006
275322;PL 4776/2005;07/02/2006
285867;PLP 249/2005;13/12/2006
285867;PLP 249/2005;13/12/2006
285867;PLP 249/2005;13/12/2006
298990;PL 5855/2005;09/02/2006
298990;PL 5855/2005;21/03/2006
298990;PL 5855/2005;22/03/2006
303307;REP 43/2005;22/03/2006
303307;REP 43/2005;22/03/2006
303309;REP 44/2005;05/04/2006
303312;REP 47/2005;19/04/2006
303313;REP 48/2005;03/05/2006
303315;REP 50/2005;15/03/2006
303316;REP 51/2005;15/03/2006
303317;REP 52/2005;08/03/2006
303318;REP 53/2005;08/03/2006
303319;REP 54/2005;24/05/2006
303320;REP 55/2005;22/03/2006
307822;MPV 267/2005;31/01/2006
307925;PL 6272/2005;25/01/2006
307925;PL 6272/2005;26/01/2006
307925;PL 6272/2005;26/01/2006
307925;PL 6272/2005;01/02/2006
308633;MPV 268/2005;19/01/2006
309954;PDC 2075/2005;17/01/2006
310833;MPV 269/2005;31/01/2006
310833;MPV 269/2005;04/04/2006
310833;MPV 269/2005;04/04/2006
311012;MPV 272/2005;13/02/2006
311025;MPV 273/2005;14/02/2006
311031;MPV 275/2005;21/02/2006
311031;MPV 275/2005;22/02/2006
311031;MPV 275/2005;07/03/2006
311031;MPV 275/2005;25/04/2006
311031;MPV 275/2005;26/04/2006
311039;MPV 276/2006;09/03/2006
311039;MPV 276/2006;14/03/2006
311039;MPV 276/2006;14/03/2006
313522;MPV 278/2006;28/03/2006
313522;MPV 278/2006;29/03/2006
313707;MPV 279/2006;11/05/2006
313707;MPV 279/2006;16/05/2006
314558;MPV 280/2006;11/04/2006
314558;MPV 280/2006;11/04/2006
314558;MPV 280/2006;12/04/2006
314558;MPV 280/2006;23/05/2006
314559;MPV 281/2006;26/04/2006
316249;MPV 283/2006;27/04/2006
316249;MPV 283/2006;02/05/2006
316491;MPV 284/2006;09/05/2006
316491;MPV 284/2006;09/05/2006
316491;MPV 284/2006;10/05/2006
316493;MPV 285/2006;17/05/2006
316493;MPV 285/2006;17/05/2006
318828;MPV 287/2006;31/05/2006
319342;MPV 288/2006;31/05/2006
319342;MPV 288/2006;01/06/2006
319342;MPV 288/2006;06/06/2006
319342;MPV 288/2006;06/06/2006
319342;MPV 288/2006;07/06/2006
320338;PEC 536/2006;24/01/2006
320786;MPV 291/2006;07/06/2006
320786;MPV 291/2006;11/07/2006
320786;MPV 291/2006;12/07/2006
320786;MPV 291/2006;01/08/2006
320786;MPV 291/2006;02/08/2006
332482;MPV 316/2006;21/11/2006
334677;PLP 380/2006;22/11/2006
335039;MPV 327/2006;20/12/2006
14641;PEC 272/2000;03/07/2007
14641;PEC 272/2000;14/08/2007
104342;PLP 1/2003;24/10/2007
104342;PLP 1/2003;31/10/2007
104342;PLP 1/2003;31/10/2007
104342;PLP 1/2003;31/10/2007
104342;PLP 1/2003;31/10/2007
104342;PLP 1/2003;31/10/2007
104342;PLP 1/2003;31/10/2007
104342;PLP 1/2003;31/10/2007
104342;PLP 1/2003;31/10/2007
256022;PEC 285/2004;02/05/2007
256022;PEC 285/2004;30/05/2007
256022;PEC 285/2004;03/07/2007
256022;PEC 285/2004;03/07/2007
264293;PL 4125/2004;13/03/2007
264293;PL 4125/2004;14/03/2007
264293;PL 4125/2004;14/03/2007
264293;PL 4125/2004;15/03/2007
264293;PL 4125/2004;15/03/2007
327896;PL 7225/2006;14/02/2007
330427;PEC 558/2006;19/09/2007
330427;PEC 558/2006;19/09/2007
330427;PEC 558/2006;19/09/2007
330427;PEC 558/2006;19/09/2007
330427;PEC 558/2006;19/09/2007
330427;PEC 558/2006;19/09/2007
330427;PEC 558/2006;26/09/2007
330427;PEC 558/2006;26/09/2007
330427;PEC 558/2006;26/09/2007
330427;PEC 558/2006;26/09/2007
330427;PEC 558/2006;26/09/2007
330427;PEC 558/2006;26/09/2007
330427;PEC 558/2006;26/09/2007
330427;PEC 558/2006;26/09/2007
330427;PEC 558/2006;26/09/2007
330427;PEC 558/2006;26/09/2007
330427;PEC 558/2006;27/09/2007
330427;PEC 558/2006;27/09/2007
330427;PEC 558/2006;27/09/2007
330427;PEC 558/2006;27/09/2007
330427;PEC 558/2006;09/10/2007
330427;PEC 558/2006;09/10/2007
330427;PEC 558/2006;09/10/2007
330427;PEC 558/2006;09/10/2007
330427;PEC 558/2006;10/10/2007
330427;PEC 558/2006;10/10/2007
330427;PEC 558/2006;10/10/2007
330427;PEC 558/2006;10/10/2007
330427;PEC 558/2006;10/10/2007
330427;PEC 558/2006;10/10/2007
330427;PEC 558/2006;10/10/2007
335178;MPV 328/2006;06/02/2007
335937;PL 7569/2006;12/02/2007
335937;PL 7569/2006;12/02/2007
338066;MPV 332/2006;14/02/2007
339302;PL 7701/2006;19/06/2007
339302;PL 7701/2006;20/06/2007
339551;MPV 335/2006;13/03/2007
339551;MPV 335/2006;20/03/2007
339551;MPV 335/2006;21/03/2007
339551;MPV 335/2006;27/03/2007
339552;MPV 336/2006;26/02/2007
339630;MPV 338/2006;28/02/2007
339689;MPV 339/2006;02/04/2007
339689;MPV 339/2006;09/04/2007
339689;MPV 339/2006;10/04/2007
339689;MPV 339/2006;10/04/2007
339689;MPV 339/2006;10/04/2007
339689;MPV 339/2006;10/04/2007
339689;MPV 339/2006;10/04/2007
339689;MPV 339/2006;10/04/2007
339689;MPV 339/2006;29/05/2007
339689;MPV 339/2006;29/05/2007
339696;MPV 340/2006;17/04/2007
339696;MPV 340/2006;24/04/2007
339696;MPV 340/2006;24/04/2007
339705;MPV 341/2006;03/04/2007
339705;MPV 341/2006;03/04/2007
339705;MPV 341/2006;03/04/2007
339705;MPV 341/2006;03/04/2007
339801;MPV 344/2007;27/02/2007
339823;MPV 345/2007;05/03/2007
339823;MPV 345/2007;06/03/2007
339823;MPV 345/2007;19/04/2007
339846;MPV 347/2007;11/04/2007
339846;MPV 347/2007;12/04/2007
339847;MPV 348/2007;11/04/2007
339847;MPV 348/2007;11/04/2007
339847;MPV 348/2007;11/04/2007
339847;MPV 348/2007;11/04/2007
339848;MPV 349/2007;17/04/2007
339848;MPV 349/2007;17/04/2007
339848;MPV 349/2007;17/04/2007
339850;MPV 351/2007;18/04/2007
339850;MPV 351/2007;25/04/2007
339850;MPV 351/2007;22/05/2007
339851;MPV 352/2007;18/04/2007
339853;MPV 346/2007;26/03/2007
339854;MPV 354/2007;28/02/2007
340260;PDC 4/2007;08/02/2007
340368;PL 84/2007;15/02/2007
340368;PL 84/2007;15/02/2007
344056;REC 14/2007 => RCP 1/2007;21/03/2007
344056;REC 14/2007 => RCP 1/2007;21/03/2007
344468;MPV 357/2007;02/05/2007
345069;MPV 358/2007;26/06/2007
345069;MPV 358/2007;26/06/2007
345069;MPV 358/2007;26/06/2007
345070;MPV 359/2007;08/05/2007
346697;MPV 360/2007;15/05/2007
346697;MPV 360/2007;15/05/2007
346782;MPV 362/2007;16/05/2007
346913;PLP 35/2007;30/05/2007
346913;PLP 35/2007;14/08/2007
346913;PLP 35/2007;14/08/2007
346913;PLP 35/2007;14/08/2007
346913;PLP 35/2007;15/08/2007
346913;PLP 35/2007;15/08/2007
346913;PLP 35/2007;15/08/2007
347832;PL 696/2007;09/05/2007
348693;MPV 363/2007;04/06/2007
348711;MPV 364/2007;05/06/2007
348711;MPV 364/2007;05/06/2007
349474;PDC 35/2007;09/05/2007
349475;PDC 36/2007;09/05/2007
349771;MPV 366/2007;12/06/2007
350464;MPV 369/2007;14/06/2007
350464;MPV 369/2007;26/06/2007
350464;MPV 369/2007;26/06/2007
350464;MPV 369/2007;26/06/2007
350571;REC 42/2007 => PL 1/2007;23/05/2007
350808;PEC 58/2007;09/05/2007
350808;PEC 58/2007;09/05/2007
350808;PEC 58/2007;09/05/2007
350808;PEC 58/2007;14/08/2007
352580;MPV 372/2007;10/07/2007
352580;MPV 372/2007;10/07/2007
353093;MPV 373/2007;04/09/2007
353093;MPV 373/2007;04/09/2007
353093;MPV 373/2007;04/09/2007
353741;PL 1210/2007;30/05/2007
353741;PL 1210/2007;13/06/2007
353741;PL 1210/2007;13/06/2007
353741;PL 1210/2007;27/06/2007
353741;PL 1210/2007;27/06/2007
353741;PL 1210/2007;11/07/2007
353741;PL 1210/2007;14/08/2007
354034;MPV 374/2007;07/08/2007
354034;MPV 374/2007;07/08/2007
354034;MPV 374/2007;02/10/2007
354034;MPV 374/2007;02/10/2007
354034;MPV 374/2007;02/10/2007
355920;MPV 375/2007;21/08/2007
355920;MPV 375/2007;21/08/2007
355920;MPV 375/2007;22/08/2007
355920;MPV 375/2007;22/08/2007
355920;MPV 375/2007;22/08/2007
355920;MPV 375/2007;22/08/2007
356032;MPV 376/2007;23/08/2007
356032;MPV 376/2007;29/08/2007
356033;MPV 377/2007;05/09/2007
356033;MPV 377/2007;05/09/2007
356033;MPV 377/2007;05/09/2007
356695;MPV 378/2007;11/09/2007
356695;MPV 378/2007;11/09/2007
356695;MPV 378/2007;12/09/2007
356695;MPV 378/2007;12/09/2007
356695;MPV 378/2007;12/09/2007
356695;MPV 378/2007;02/10/2007
356695;MPV 378/2007;02/10/2007
356695;MPV 378/2007;02/10/2007
356805;PLP 79/2007;03/07/2007
356805;PLP 79/2007;03/07/2007
357806;MPV 379/2007;12/09/2007
357806;MPV 379/2007;12/09/2007
357806;MPV 379/2007;13/09/2007
357806;MPV 379/2007;13/09/2007
358878;MPV 381/2007;18/09/2007
358878;MPV 381/2007;18/09/2007
358878;MPV 381/2007;18/09/2007
358878;MPV 381/2007;18/09/2007
358878;MPV 381/2007;18/09/2007
358878;MPV 381/2007;19/09/2007
358878;MPV 381/2007;19/09/2007
363391;MPV 383/2007;03/10/2007
363391;MPV 383/2007;03/10/2007
363391;MPV 383/2007;03/10/2007
363391;MPV 383/2007;03/10/2007
363391;MPV 383/2007;03/10/2007
363391;MPV 383/2007;03/10/2007
363568;MPV 384/2007;04/10/2007
363568;MPV 384/2007;08/10/2007
363568;MPV 384/2007;08/10/2007
363568;MPV 384/2007;08/10/2007
363568;MPV 384/2007;09/10/2007
363568;MPV 384/2007;09/10/2007
363568;MPV 384/2007;09/10/2007
365489;MPV 386/2007;16/10/2007
365555;MPV 387/2007;18/10/2007
365555;MPV 387/2007;23/10/2007
365555;MPV 387/2007;23/10/2007
365555;MPV 387/2007;13/11/2007
366620;MPV 388/2007;20/11/2007
366816;PL 1990/2007;17/10/2007
366816;PL 1990/2007;17/10/2007
366816;PL 1990/2007;17/10/2007
368083;MPV 390/2007;25/10/2007
368083;MPV 390/2007;06/11/2007
368083;MPV 390/2007;06/11/2007
368084;MPV 391/2007;06/11/2007
368170;MPV 392/2007;06/11/2007
368448;PL 2086/2007;25/09/2007
368679;MPV 394/2007;21/11/2007
368679;MPV 394/2007;27/11/2007
368924;PL 2105/2007;17/10/2007
26523;PLP 183/2001;09/12/2008
129219;PEC 138/2003;13/08/2008
129219;PEC 138/2003;12/11/2008
129219;PEC 138/2003;12/11/2008
129219;PEC 138/2003;12/11/2008
129219;PEC 138/2003;12/11/2008
253010;PLP 177/2004;13/08/2008
255794;PLP 182/2004;13/08/2008
257126;PLP 184/2004;10/12/2008
269852;PEC 333/2004;27/05/2008
269852;PEC 333/2004;28/05/2008
312135;PEC 495/2006;03/12/2008
312135;PEC 495/2006;03/12/2008
313951;PEC 511/2006;19/11/2008
313951;PEC 511/2006;19/11/2008
313951;PEC 511/2006;19/11/2008
313951;PEC 511/2006;19/11/2008
313951;PEC 511/2006;25/11/2008
313951;PEC 511/2006;25/11/2008
313951;PEC 511/2006;26/11/2008
313951;PEC 511/2006;04/12/2008
313951;PEC 511/2006;09/12/2008
313951;PEC 511/2006;10/12/2008
313951;PEC 511/2006;10/12/2008
313951;PEC 511/2006;10/12/2008
313951;PEC 511/2006;16/12/2008
313951;PEC 511/2006;17/12/2008
313951;PEC 511/2006;17/12/2008
332542;PLP 375/2006;20/08/2008
340034;PLP 2/2007;13/08/2008
340034;PLP 2/2007;10/12/2008
350108;PL 940/2007;18/11/2008
360580;PRC 69/2007;10/12/2008
364186;MPV 385/2007;18/03/2008
364186;MPV 385/2007;18/03/2008
364186;MPV 385/2007;18/03/2008
364186;MPV 385/2007;18/03/2008
364186;MPV 385/2007;19/03/2008
364186;MPV 385/2007;25/03/2008
364579;REC 90/2007 => PL 836/2003;19/11/2008
366816;PL 1990/2007;11/03/2008
371547;MPV 397/2007;13/02/2008
371789;MPV 398/2007;19/02/2008
371789;MPV 398/2007;19/02/2008
371789;MPV 398/2007;19/02/2008
371789;MPV 398/2007;21/02/2008
371789;MPV 398/2007;26/02/2008
371789;MPV 398/2007;26/02/2008
371789;MPV 398/2007;26/02/2008
372150;MPV 399/2007;27/02/2008
373907;PDC 387/2007;17/12/2008
373907;PDC 387/2007;17/12/2008
374302;MPV 400/2007;27/02/2008
375562;PLP 132/2007;28/05/2008
375562;PLP 132/2007;28/05/2008
377706;PL 2468/2007;27/05/2008
377965;MPV 402/2007;05/03/2008
377965;MPV 402/2007;05/03/2008
377965;MPV 402/2007;05/03/2008
377965;MPV 402/2007;05/03/2008
378096;PLP 144/2007;20/08/2008
380508;MPV 404/2007;11/03/2008
380508;MPV 404/2007;11/03/2008
380508;MPV 404/2007;11/03/2008
382081;MPV 405/2007;26/03/2008
382081;MPV 405/2007;26/03/2008
382081;MPV 405/2007;26/03/2008
382081;MPV 405/2007;26/03/2008
382081;MPV 405/2007;26/03/2008
382081;MPV 405/2007;26/03/2008
382081;MPV 405/2007;26/03/2008
382081;MPV 405/2007;26/03/2008
382665;MPV 406/2007;01/04/2008
382667;MPV 408/2007;02/04/2008
382680;MPV 409/2007;08/04/2008
382680;MPV 409/2007;08/04/2008
382681;MPV 410/2007;28/05/2008
382682;MPV 411/2007;10/04/2008
382688;MPV 413/2008;29/04/2008
382688;MPV 413/2008;29/04/2008
382688;MPV 413/2008;29/04/2008
382689;MPV 414/2008;22/04/2008
382708;MPV 415/2008;23/04/2008
382708;MPV 415/2008;23/04/2008
382725;MPV 417/2008;22/04/2008
383657;MPV 418/2008;06/05/2008
384554;MPV 420/2008;07/05/2008
385150;MPV 421/2008;07/05/2008
388308;MPV 422/2008;08/05/2008
388308;MPV 422/2008;13/05/2008
391163;MPV 424/2008;28/05/2008
391163;MPV 424/2008;28/05/2008
391163;MPV 424/2008;03/06/2008
391163;MPV 424/2008;03/06/2008
391163;MPV 424/2008;03/06/2008
392908;MPV 425/2008;10/06/2008
392908;MPV 425/2008;17/06/2008
392908;MPV 425/2008;17/06/2008
394079;PLP 306/2008;04/06/2008
394079;PLP 306/2008;04/06/2008
394079;PLP 306/2008;04/06/2008
394079;PLP 306/2008;10/06/2008
394079;PLP 306/2008;11/06/2008
394079;PLP 306/2008;11/06/2008
394079;PLP 306/2008;11/06/2008
394079;PLP 306/2008;11/06/2008
394079;PLP 306/2008;11/06/2008
394079;PLP 306/2008;11/06/2008
394079;PLP 306/2008;18/06/2008
394079;PLP 306/2008;18/06/2008
394079;PLP 306/2008;18/06/2008
394079;PLP 306/2008;18/06/2008
394079;PLP 306/2008;18/06/2008
394079;PLP 306/2008;18/06/2008
394100;MPV 427/2008;01/07/2008
394104;MPV 429/2008;03/09/2008
394337;PDC 563/2008 => MSC 711/2007;13/05/2008
394337;PDC 563/2008 => MSC 711/2007;28/05/2008
394947;MPV 431/2008;15/07/2008
394947;MPV 431/2008;16/07/2008
394947;MPV 431/2008;16/07/2008
394947;MPV 431/2008;04/08/2008
394947;MPV 431/2008;05/08/2008
394947;MPV 431/2008;05/08/2008
396209;PL 3452/2008;12/08/2008
396987;MPV 432/2008;05/08/2008
396987;MPV 432/2008;06/08/2008
396987;MPV 432/2008;06/08/2008
396987;MPV 432/2008;06/08/2008
396987;MPV 432/2008;06/08/2008
396987;MPV 432/2008;06/08/2008
398628;MPV 434/2008;12/08/2008
398628;MPV 434/2008;12/08/2008
402373;MPV 435/2008;02/09/2008
402373;MPV 435/2008;07/10/2008
402378;MPV 436/2008;14/10/2008
402378;MPV 436/2008;14/10/2008
402378;MPV 436/2008;14/10/2008
402378;MPV 436/2008;14/10/2008
403395;PL 3674/2008;29/10/2008
403395;PL 3674/2008;29/10/2008
403395;PL 3674/2008;29/10/2008
403395;PL 3674/2008;29/10/2008
403395;PL 3674/2008;29/10/2008
403395;PL 3674/2008;04/11/2008
408452;MPV 440/2008;27/11/2008
408452;MPV 440/2008;02/12/2008
408452;MPV 440/2008;02/12/2008
408453;MPV 441/2008;09/12/2008
413095;MPV 443/2008;12/11/2008
413095;MPV 443/2008;12/11/2008
413959;MPV 444/2008;13/11/2008
415049;MPV 445/2008;25/11/2008
415049;MPV 445/2008;26/11/2008
415049;MPV 445/2008;26/11/2008
415049;MPV 445/2008;26/11/2008
415049;MPV 445/2008;03/12/2008
421019;PDC 1345/2008;17/12/2008
14271;PEC 22/1999;20/05/2009
15471;PL 451/1995;06/05/2009
18454;PL 2660/1996;17/06/2009
18454;PL 2660/1996;17/06/2009
21400;PLP 59/1999;05/05/2009
104885;PLP 12/2003;16/12/2009
104885;PLP 12/2003;16/12/2009
112893;PL 836/2003;18/02/2009
112893;PL 836/2003;19/05/2009
112893;PL 836/2003;19/05/2009
114145;PEC 47/2003;03/11/2009
270010;PLP 217/2004;05/05/2009
270010;PLP 217/2004;05/05/2009
290450;PEC 413/2005;02/06/2009
290450;PEC 413/2005;02/06/2009
297881;PL 5800/2005;09/06/2009
298607;PL 5829/2005;09/06/2009
307814;PEC 483/2005;16/09/2009
307814;PEC 483/2005;07/10/2009
339409;PL 7703/2006;16/09/2009
339409;PL 7703/2006;21/10/2009
339977;PL 18/2007;21/10/2009
345552;PLP 28/2007;30/06/2009
345552;PLP 28/2007;30/06/2009
345552;PLP 28/2007;30/06/2009
345552;PLP 28/2007;30/06/2009
360906;PL 1664/2007;18/02/2009
361442;PEC 130/2007;18/11/2009
363819;PL 1825/2007;17/02/2009
378478;PL 2502/2007;08/12/2009
378478;PL 2502/2007;08/12/2009
378478;PL 2502/2007;08/12/2009
378478;PL 2502/2007;08/12/2009
378478;PL 2502/2007;08/12/2009
378478;PL 2502/2007;09/12/2009
378478;PL 2502/2007;09/12/2009
378478;PL 2502/2007;09/12/2009
378478;PL 2502/2007;09/12/2009
378478;PL 2502/2007;15/12/2009
387129;PL 3021/2008;18/02/2009
403508;PEC 277/2008;03/06/2009
403508;PEC 277/2008;03/06/2009
403508;PEC 277/2008;16/09/2009
403508;PEC 277/2008;30/09/2009
412236;PDC 981/2008;27/10/2009
412236;PDC 981/2008;03/11/2009
416057;MPV 447/2008;17/02/2009
416057;MPV 447/2008;17/02/2009
416057;MPV 447/2008;17/02/2009
416057;MPV 447/2008;17/02/2009
419290;MPV 449/2008;11/03/2009
419290;MPV 449/2008;11/03/2009
419290;MPV 449/2008;17/03/2009
420066;MPV 450/2008;25/03/2009
420066;MPV 450/2008;25/03/2009
420746;MPV 451/2008;01/04/2009
420746;MPV 451/2008;01/04/2009
420746;MPV 451/2008;07/04/2009
420746;MPV 451/2008;07/04/2009
420746;MPV 451/2008;07/04/2009
420746;MPV 451/2008;07/04/2009
422455;MPV 452/2008;14/04/2009
422455;MPV 452/2008;14/04/2009
422643;MPV 453/2009;15/04/2009
422683;MPV 454/2009;26/05/2009
422683;MPV 454/2009;27/05/2009
422683;MPV 454/2009;27/05/2009
422684;MPV 455/2009;22/04/2009
423427;MPV 457/2009;29/04/2009
423427;MPV 457/2009;29/04/2009
423427;MPV 457/2009;29/04/2009
423427;MPV 457/2009;30/04/2009
423427;MPV 457/2009;07/05/2009
423427;MPV 457/2009;12/05/2009
423428;MPV 458/2009;13/05/2009
423428;MPV 458/2009;13/05/2009
423428;MPV 458/2009;13/05/2009
423428;MPV 458/2009;13/05/2009
423428;MPV 458/2009;13/05/2009
423585;PEC 324/2009;13/10/2009
423585;PEC 324/2009;28/10/2009
423585;PEC 324/2009;03/11/2009
426299;PEC 336/2009;09/09/2009
426299;PEC 336/2009;22/09/2009
426554;MSC 134/2009;30/06/2009
428043;MPV 459/2009;20/05/2009
428250;MPV 460/2009;02/06/2009
428250;MPV 460/2009;02/06/2009
428250;MPV 460/2009;03/06/2009
428250;MPV 460/2009;03/06/2009
428250;MPV 460/2009;14/07/2009
428250;MPV 460/2009;05/08/2009
428250;MPV 460/2009;05/08/2009
428250;MPV 460/2009;05/08/2009
429836;PLP 462/2009;07/10/2009
430472;PEC 351/2009;04/11/2009
430472;PEC 351/2009;25/11/2009
434563;MPV 462/2009;18/08/2009
434563;MPV 462/2009;19/08/2009
434563;MPV 462/2009;19/08/2009
434563;MPV 462/2009;22/09/2009
434938;PL 5245/2009;28/10/2009
434938;PL 5245/2009;28/10/2009
435878;PL 5279/2009;04/08/2009
436599;PL 5312/2009;27/10/2009
436985;PL 5334/2009;11/11/2009
438197;MPV 464/2009;26/08/2009
440177;MPV 465/2009;01/09/2009
440177;MPV 465/2009;02/09/2009
440177;MPV 465/2009;02/09/2009
440177;MPV 465/2009;08/09/2009
440177;MPV 465/2009;09/09/2009
440177;MPV 465/2009;03/11/2009
440269;PL 5498/2009;30/06/2009
440269;PL 5498/2009;08/07/2009
440269;PL 5498/2009;08/07/2009
440269;PL 5498/2009;08/07/2009
440269;PL 5498/2009;08/07/2009
440269;PL 5498/2009;08/07/2009
440269;PL 5498/2009;08/07/2009
440269;PL 5498/2009;08/07/2009
440269;PL 5498/2009;16/09/2009
441673;PEC 391/2009;25/11/2009
441673;PEC 391/2009;10/12/2009
443158;MPV 466/2009;06/10/2009
443158;MPV 466/2009;06/10/2009
443158;MPV 466/2009;10/11/2009
443158;MPV 466/2009;10/11/2009
443158;MPV 466/2009;10/11/2009
443158;MPV 466/2009;10/11/2009
443158;MPV 466/2009;11/11/2009
443164;PL 5664/2009;16/09/2009
445427;PL 5798/2009;14/10/2009
447734;MPV 468/2009 ;21/10/2009
447935;PL 5939/2009;11/11/2009
447935;PL 5939/2009;17/11/2009
447935;PL 5939/2009;18/11/2009
447935;PL 5939/2009;18/11/2009
447935;PL 5939/2009;18/11/2009
447936;PL 5940/2009;11/11/2009
447937;PL 5941/2009;11/11/2009
453801;MPV 469/2009;17/11/2009
453801;MPV 469/2009;24/11/2009
453801;MPV 469/2009;24/11/2009
453801;MPV 469/2009;25/11/2009
453801;MPV 469/2009;25/11/2009
454911;MPV 470/2009;01/12/2009
454911;MPV 470/2009;02/12/2009
454911;MPV 470/2009;02/12/2009
454911;MPV 470/2009;02/12/2009
454911;MPV 470/2009;02/12/2009
454911;MPV 470/2009;02/12/2009
454911;MPV 470/2009;02/12/2009
460759;REQ 5921/2009;26/11/2009
21571;PLP 168/1993;04/05/2010
21571;PLP 168/1993;04/05/2010
21571;PLP 168/1993;05/05/2010
21571;PLP 168/1993;05/05/2010
21571;PLP 168/1993;05/05/2010
21571;PLP 168/1993;11/05/2010
21571;PLP 168/1993;11/05/2010
21571;PLP 168/1993;11/05/2010
21571;PLP 168/1993;11/05/2010
21571;PLP 168/1993;11/05/2010
21571;PLP 168/1993;11/05/2010
21571;PLP 168/1993;11/05/2010
101666;PLP 352/2002;07/12/2010
101666;PLP 352/2002;08/12/2010
114145;PEC 47/2003;03/02/2010
153275;PL 2944/2004;14/12/2010
284827;PL 5186/2005;02/03/2010
293027;PLP 277/2005;14/04/2010
358126;PL 1481/2007;12/05/2010
358126;PL 1481/2007;12/05/2010
358126;PL 1481/2007;26/05/2010
378478;PL 2502/2007;10/03/2010
378478;PL 2502/2007;10/03/2010
397936;PLP 374/2008;17/03/2010
397936;PLP 374/2008;17/03/2010
414367;PEC 300/2008;02/03/2010
414367;PEC 300/2008;03/03/2010
438409;PL 5417/2009;23/02/2010
438409;PL 5417/2009;23/02/2010
438409;PL 5417/2009;23/02/2010
438409;PL 5417/2009;24/02/2010
438409;PL 5417/2009;24/02/2010
438409;PL 5417/2009;24/02/2010
438409;PL 5417/2009;24/02/2010
438409;PL 5417/2009;24/02/2010
447936;PL 5940/2009;01/12/2010
447937;PL 5941/2009;03/03/2010
447937;PL 5941/2009;03/03/2010
454360;REQ 5670/2009;16/03/2010
463287;PLP 543/2009;09/03/2010
463287;PLP 543/2009;09/03/2010
463287;PLP 543/2009;09/03/2010
463451;PEC 446/2009;06/07/2010
464520;MPV 472/2009;23/03/2010
464520;MPV 472/2009;24/03/2010
464520;MPV 472/2009;24/03/2010
464520;MPV 472/2009;24/03/2010
465329;MPV 475/2009;28/04/2010
465329;MPV 475/2009;04/05/2010
465329;MPV 475/2009;04/05/2010
465331;MPV 476/2009;12/05/2010
465331;MPV 476/2009;26/05/2010
465356;MPV 477/2009;06/04/2010
465356;MPV 477/2009;07/04/2010
465356;MPV 477/2009;13/04/2010
465356;MPV 477/2009;13/04/2010
466305;MPV 482/2010;08/06/2010
469773;REQ 6467/2010 => PDC 731/2000;14/04/2010
469774;REQ 6468/2010 => PDC 2300/2009;14/04/2010
471270;MPV 483/2010;22/06/2010
471270;MPV 483/2010;06/07/2010
471270;MPV 483/2010;06/07/2010
471270;MPV 483/2010;06/07/2010
471270;MPV 483/2010;06/07/2010
474361;MPV 487/2010;03/08/2010
474361;MPV 487/2010;04/08/2010
474361;MPV 487/2010;04/08/2010
475370;REQ 6752/2010 => MSC 951/2009;16/06/2010
476031;PDC 2600/2010;16/06/2010
478001;REQ 6918/2010 => PL 1986/2003;16/06/2010
482426;MPV 493/2010;09/11/2010
482426;MPV 493/2010;09/11/2010
482603;REQ 7166/2010 => PL 7540/2010;07/07/2010
483907;PEC 507/2010;14/12/2010
483907;PEC 507/2010;14/12/2010
483948;MPV 495/2010;23/11/2010
485262;MPV 501/2010;01/12/2010
486701;REQ 7447/2010 => PLP 591/2010;02/12/2010
488165;REQ 7513/2010 => PLP 352/2002;07/12/2010
488578;REQ 7535/2010 => PL 2944/2004;07/12/2010
489010;REQ 7546/2010 => PL 2944/2004;08/12/2010
489410;PLV 16/2010 MESA => MPV 499/2010;15/12/2010
489682;REQ 7575/2010 => PDC 3036/2010;15/12/2010
17338;PL 1876/1999;12/05/2011
17338;PL 1876/1999;24/05/2011
17338;PL 1876/1999;24/05/2011
260404;PL 3937/2004;05/10/2011
357094;PEC 98/2007;29/11/2011
357094;PEC 98/2007;29/11/2011
357094;PEC 98/2007;29/11/2011
357094;PEC 98/2007;13/12/2011
394079;PLP 306/2008;21/09/2011
401376;PEC 270/2008;14/12/2011
422002;PDC 1351/2008;11/08/2011
463268;PEC 445/2009;13/12/2011
476031;PDC 2600/2010;06/04/2011
476031;PDC 2600/2010;06/04/2011
476031;PDC 2600/2010;06/04/2011
485274;MPV 502/2010;22/02/2011
485274;MPV 502/2010;22/02/2011
485274;MPV 502/2010;22/02/2011
485275;MPV 503/2010;23/02/2011
485758;MPV 511/2010;05/04/2011
485758;MPV 511/2010;05/04/2011
485758;MPV 511/2010;05/04/2011
485758;MPV 511/2010;05/04/2011
485758;MPV 511/2010;06/04/2011
485758;MPV 511/2010;06/04/2011
487868;MPV 512/2010;13/04/2011
487868;MPV 512/2010;13/04/2011
487966;MPV 513/2010;26/04/2011
488582;REQ 7537/2010 => PL 1876/1999;03/05/2011
488607;MPV 514/2010;27/04/2011
490375;MPV 517/2010;18/05/2011
490375;MPV 517/2010;25/05/2011
490375;MPV 517/2010;25/05/2011
490375;MPV 517/2010;25/05/2011
490387;MPV 521/2010;10/05/2011
491872;PL 382/2011;16/02/2011
491872;PL 382/2011;16/02/2011
491872;PL 382/2011;17/02/2011
491963;REQ 343/2011 => PDC 2600/2010;06/04/2011
491974;REQ 349/2011 => PL 382/2011;15/02/2011
495215;REP 1/2011;30/08/2011
495378;MPV 527/2011;15/06/2011
495378;MPV 527/2011;15/06/2011
495378;MPV 527/2011;15/06/2011
495378;MPV 527/2011;28/06/2011
495378;MPV 527/2011;28/06/2011
495378;MPV 527/2011;28/06/2011
495378;MPV 527/2011;28/06/2011
495378;MPV 527/2011;28/06/2011
496290;MPV 528/2011;05/07/2011
496290;MPV 528/2011;05/07/2011
497616;PDC 47/2011;01/09/2011
499323;MPV 530/2011;03/08/2011
499323;MPV 530/2011;03/08/2011
499323;MPV 530/2011;03/08/2011
500056;MPV 532/2011;16/08/2011
500056;MPV 532/2011;17/08/2011
500056;MPV 532/2011;17/08/2011
500056;MPV 532/2011;17/08/2011
500056;MPV 532/2011;23/08/2011
500056;MPV 532/2011;23/08/2011
500079;PL 1209/2011;31/08/2011
500380;REQ 1548/2011 => PL 7376/2010;21/09/2011
501560;MPV 533/2011;24/08/2011
501560;MPV 533/2011;24/08/2011
501821;PDC 220/2011;11/10/2011
501821;PDC 220/2011;27/10/2011
501821;PDC 220/2011;01/11/2011
507762;REQ 2086/2011;08/06/2011
511029;PL 1749/2011;20/09/2011
513172;MPV 539/2011;05/10/2011
513496;PEC 61/2011;08/11/2011
513496;PEC 61/2011;08/11/2011
513496;PEC 61/2011;08/11/2011
513496;PEC 61/2011;08/11/2011
513496;PEC 61/2011;09/11/2011
513496;PEC 61/2011;09/11/2011
513496;PEC 61/2011;09/11/2011
513496;PEC 61/2011;09/11/2011
513496;PEC 61/2011;09/11/2011
513496;PEC 61/2011;09/11/2011
513496;PEC 61/2011;09/11/2011
513496;PEC 61/2011;09/11/2011
513496;PEC 61/2011;09/11/2011
513496;PEC 61/2011;09/11/2011
513496;PEC 61/2011;09/11/2011
513496;PEC 61/2011;22/11/2011
513496;PEC 61/2011;22/11/2011
513496;PEC 61/2011;22/11/2011
513496;PEC 61/2011;22/11/2011
513496;PEC 61/2011;22/11/2011
513496;PEC 61/2011;22/11/2011
513496;PEC 61/2011;22/11/2011
513496;PEC 61/2011;22/11/2011
513512;MPV 540/2011;26/10/2011
513514;MPV 541/2011;19/10/2011
514832;REQ 2714/2011;23/08/2011
515433;PLP 87/2011;31/08/2011
525391;REC 92/2011 => RIC 693/2011;23/11/2011
17338;PL 1876/1999;25/04/2012
17338;PL 1876/1999;25/04/2012
34462;PL 5403/2001;20/11/2012
36162;PEC 438/2001;22/05/2012
131591;PEC 153/2003;27/03/2012
131591;PEC 153/2003;10/04/2012
274311;PLP 230/2004;18/04/2012
290677;PEC 416/2005;30/05/2012
290677;PEC 416/2005;26/06/2012
304008;PEC 471/2005;15/05/2012
325847;PLP 362/2006;29/05/2012
343615;PL 301/2007;20/03/2012
366851;PL 1992/2007;28/02/2012
366851;PL 1992/2007;29/02/2012
366851;PL 1992/2007;29/02/2012
366851;PL 1992/2007;29/02/2012
401376;PEC 270/2008;14/02/2012
435878;PL 5279/2009;20/03/2012
463268;PEC 445/2009;06/03/2012
473496;PEC 478/2010;21/11/2012
473496;PEC 478/2010;04/12/2012
479328;PLP 579/2010;31/10/2012
494004;PL 643/2011;13/06/2012
496725;PL 865/2011;07/11/2012
497188;REQ 1134/2011 => PL 865/2011;07/11/2012
508967;REQ 2130/2011 => PLP 579/2010;31/10/2012
520245;PL 2330/2011;21/03/2012
520245;PL 2330/2011;28/03/2012
520245;PL 2330/2011;28/03/2012
524645;PL 2565/2011;06/11/2012
524645;PL 2565/2011;06/11/2012
524645;PL 2565/2011;06/11/2012
527723;MPV 549/2011;10/04/2012
527728;MPV 550/2011;14/03/2012
528091;PDC 514/2011;16/05/2012
528165;MPV 551/2011;11/04/2012
528165;MPV 551/2011;11/04/2012
529011;PL 2793/2011;07/11/2012
529884;PLP 114/2011;21/11/2012
533505;MPV 554/2011;09/05/2012
533535;MPV 558/2012;15/05/2012
535959;MPV 559/2012;05/06/2012
535959;MPV 559/2012;12/06/2012
535959;MPV 559/2012;12/06/2012
535959;MPV 559/2012;12/06/2012
536066;REQ 4504/2012 => PL 2330/2011;07/03/2012
536551;REQ 12/2012 CDHM;12/12/2012
536551;REQ 12/2012 CDHM;12/12/2012
537339;REQ 4636/2012 => PL 2565/2011;27/06/2012
537339;REQ 4636/2012 => PL 2565/2011;06/11/2012
540142;MPV 563/2012;11/07/2012
540142;MPV 563/2012;11/07/2012
540142;MPV 563/2012;11/07/2012
540142;MPV 563/2012;11/07/2012
540142;MPV 563/2012;12/07/2012
540142;MPV 563/2012;16/07/2012
540142;MPV 563/2012;16/07/2012
540560;REQ 12/2012 PL212611 => PL 2126/2011;12/12/2012
540560;REQ 12/2012 PL212611 => PL 2126/2011;12/12/2012
541002;REQ 12/2012 PL157211;12/12/2012
541002;REQ 12/2012 PL157211;12/12/2012
541149;REQ 12/2012 CPITRAES;12/12/2012
541149;REQ 12/2012 CPITRAES;12/12/2012
541303;REQ 12/2012 CPICRIAN;12/12/2012
541303;REQ 12/2012 CPICRIAN;12/12/2012
542431;MPV 566/2012;03/07/2012
542431;MPV 566/2012;03/07/2012
542431;MPV 566/2012;03/07/2012
543448;MPV 567/2012;04/07/2012
543448;MPV 567/2012;04/07/2012
543448;MPV 567/2012;04/07/2012
544136;PL 3839/2012;22/05/2012
544355;REQ 12/2012 PEC03711 => PEC 37/2011;12/12/2012
544355;REQ 12/2012 PEC03711 => PEC 37/2011;12/12/2012
544411;REQ 12/2012 CPITRAPE;12/12/2012
544411;REQ 12/2012 CPITRAPE;12/12/2012
544463;MPV 570/2012;04/09/2012
545925;MPV 571/2012;05/09/2012
545925;MPV 571/2012;18/09/2012
545925;MPV 571/2012;18/09/2012
548345;REQ 12/2012 CEENSI;12/12/2012
548345;REQ 12/2012 CEENSI;12/12/2012
549909;MPV 574/2012;30/10/2012
549909;MPV 574/2012;31/10/2012
549909;MPV 574/2012;31/10/2012
552689;MPV 575/2012;20/11/2012
553247;MPV 576/2012;13/11/2012
553256;REQ 12/2012 PL355504 => PL 3555/2004;12/12/2012
553256;REQ 12/2012 PL355504 => PL 3555/2004;12/12/2012
554412;REQ 6062/2012 => PL 2154/2011;04/12/2012
555727;MPV 579/2012;12/12/2012
555727;MPV 579/2012;12/12/2012
555727;MPV 579/2012;18/12/2012
555727;MPV 579/2012;18/12/2012
555993;REQ 6135/2012 => PL 4367/2012;28/11/2012
561593;REQ 6460/2012 => PL 2205/2011;28/11/2012
561594;REQ 6461/2012 => PL 4365/2012;28/11/2012
14245;PEC 3/1999;09/04/2013
28376;PEC 349/2001;03/09/2013
54307;PEC 544/2002;13/03/2013
54307;PEC 544/2002;13/03/2013
54307;PEC 544/2002;03/04/2013
271219;PL 4529/2004;09/07/2013
293027;PLP 277/2005;17/04/2013
302638;PL 6025/2005;05/11/2013
332451;PEC 565/2006;13/08/2013
332451;PEC 565/2006;13/08/2013
332451;PEC 565/2006;27/08/2013
334331;PL 7495/2006;23/10/2013
343930;PL 323/2007;10/07/2013
343930;PL 323/2007;10/07/2013
347880;PL 708/2007;02/04/2013
377011;PEC 190/2007;07/08/2013
377011;PEC 190/2007;25/09/2013
377011;PEC 190/2007;29/10/2013
412854;PLP 416/2008;04/06/2013
412854;PLP 416/2008;04/06/2013
412854;PLP 416/2008;04/06/2013
412854;PLP 416/2008;04/06/2013
412854;PLP 416/2008;04/06/2013
412854;PLP 416/2008;04/06/2013
422002;PDC 1351/2008;04/04/2013
436536;PEC 368/2009;03/12/2013
436536;PEC 368/2009;11/12/2013
483808;PL 7663/2010;22/05/2013
483808;PL 7663/2010;22/05/2013
507965;PEC 37/2011;25/06/2013
512308;PEC 55/2011;11/12/2013
512308;PEC 55/2011;11/12/2013
522343;PEC 90/2011;04/12/2013
522343;PEC 90/2011;04/12/2013
522343;PEC 90/2011;04/12/2013
522363;PDC 471/2011;28/02/2013
527704;PEC 111/2011;06/03/2013
527704;PEC 111/2011;06/03/2013
537784;PL 3471/2012;24/09/2013
538366;PDC 549/2012;27/02/2013
553112;PLP 200/2012;21/05/2013
553112;PLP 200/2012;03/07/2013
553168;PEC 207/2012;03/07/2013
553168;PEC 207/2012;16/07/2013
553474;REQ 5941/2012 => PLP 416/2008;07/05/2013
555286;PLN 24/2012 CN;12/03/2013
556261;PL 4470/2012;17/04/2013
556261;PL 4470/2012;17/04/2013
556261;PL 4470/2012;17/04/2013
556261;PL 4470/2012;17/04/2013
556261;PL 4470/2012;17/04/2013
556261;PL 4470/2012;17/04/2013
556261;PL 4470/2012;17/04/2013
556261;PL 4470/2012;23/04/2013
556332;MPV 582/2012;20/02/2013
556590;REQ 6166/2012 => PL 4470/2012;10/04/2013
559275;MPV 586/2012;26/02/2013
559275;MPV 586/2012;26/02/2013
559465;MPV 587/2012;19/03/2013
559706;MPV 589/2012;09/04/2013
562466;MPV 593/2012;08/05/2013
562615;MPV 595/2012;08/05/2013
562615;MPV 595/2012;14/05/2013
562615;MPV 595/2012;14/05/2013
562615;MPV 595/2012;14/05/2013
562615;MPV 595/2012;14/05/2013
562615;MPV 595/2012;14/05/2013
562615;MPV 595/2012;15/05/2013
562615;MPV 595/2012;15/05/2013
562615;MPV 595/2012;15/05/2013
562615;MPV 595/2012;15/05/2013
562615;MPV 595/2012;15/05/2013
562615;MPV 595/2012;15/05/2013
562615;MPV 595/2012;15/05/2013
562615;MPV 595/2012;15/05/2013
562615;MPV 595/2012;15/05/2013
562615;MPV 595/2012;15/05/2013
562615;MPV 595/2012;15/05/2013
562615;MPV 595/2012;16/05/2013
562615;MPV 595/2012;16/05/2013
562615;MPV 595/2012;16/05/2013
562615;MPV 595/2012;16/05/2013
564113;PL 4904/2012;20/03/2013
564113;PL 4904/2012;11/04/2013
564453;MPV 597/2012;21/05/2013
564520;MPV 600/2012;21/05/2013
564521;MPV 601/2012;27/05/2013
564521;MPV 601/2012;28/05/2013
564522;MPV 602/2012;23/04/2013
564525;PLP 238/2013;22/10/2013
564525;PLP 238/2013;23/10/2013
564525;PLP 238/2013;23/10/2013
564525;PLP 238/2013;23/10/2013
564525;PLP 238/2013;23/10/2013
564525;PLP 238/2013;23/10/2013
564548;MPV 605/2013;28/05/2013
564994;REQ 8/2013 CEXSANTA;10/07/2013
565319;REQ 6786/2013;20/02/2013
566047;MPV 608/2013;12/06/2013
566077;REQ 8/2013 PEC20712;10/07/2013
566744;REQ 6947/2013 => PL 7663/2010;12/03/2013
566891;MPV 609/2013;11/06/2013
566891;MPV 609/2013;11/06/2013
566891;MPV 609/2013;11/06/2013
567171;REQ 8/2013 CDHM;10/07/2013
568157;REQ 8/2013 CCULT;10/07/2013
568421;PRC 178/2013;20/03/2013
568421;PRC 178/2013;20/03/2013
568421;PRC 178/2013;20/03/2013
568421;PRC 178/2013;20/03/2013
568421;PRC 178/2013;10/04/2013
568515;REQ 7126/2013 => PRC 178/2013;20/03/2013
569181;REQ 7252/2013 => PL 6903/2006;26/03/2013
569182;REQ 7253/2013 => PL 2592/2007;24/04/2013
569326;REQ 8/2013 PEC50610 => PEC 506/2010;10/07/2013
569538;REQ 8/2013 CEMOTOR;10/07/2013
569919;REQ 8/2013 CEESTA;10/07/2013
571564;REQ 7494/2013 => PL 4470/2012;16/04/2013
571752;PDC 824/2013;17/07/2013
573367;REQ 8/2013 CESAUDE;10/07/2013
573508;PLP 266/2013;12/06/2013
573508;PLP 266/2013;12/06/2013
573508;PLP 266/2013;12/06/2013
573516;REQ 7595/2013 => PLP 92/2007;12/06/2013
575516;REQ 8/2013 PL217711;10/07/2013
576000;MPV 613/2013;21/08/2013
576615;REQ 8/2013 PEC56506 => PEC 565/2006;10/07/2013
576895;REQ 7772/2013 => PLP 200/2012;21/05/2013
577881;REQ 7829/2013 => PLP 271/2005;22/05/2013
579713;REQ 7926/2013;11/06/2013
579869;MPV 618/2013;18/09/2013
580163;MPV 619/2013;25/09/2013
580163;MPV 619/2013;25/09/2013
580163;MPV 619/2013;25/09/2013
580703;REQ 7956/2013;19/06/2013
580951;MPV 620/2013;10/09/2013
581164;REQ 8/2013 PL719702;10/07/2013
581440;REQ 8/2013 GTTERRAS;10/07/2013
581700;PLP 288/2013;26/06/2013
581700;PLP 288/2013;26/06/2013
581700;PLP 288/2013;26/06/2013
582292;REP 20/2013;28/08/2013
582605;REQ 8091/2013 => PL 5844/2013;02/07/2013
582791;PRC 203/2013;26/09/2013
583481;REQ 8144/2013 => PL 7495/2006;23/10/2013
584020;MPV 621/2013;08/10/2013
584020;MPV 621/2013;08/10/2013
584020;MPV 621/2013;08/10/2013
584020;MPV 621/2013;08/10/2013
584020;MPV 621/2013;09/10/2013
584020;MPV 621/2013;09/10/2013
584020;MPV 621/2013;09/10/2013
584020;MPV 621/2013;09/10/2013
584279;REQ 8196/2013;09/07/2013
584760;PDC 1055/2013 => MSC 668/2009;05/12/2013
585797;REQ 8/2013 PL003711 => PL 37/2011;10/07/2013
586411;PL 6053/2013;01/10/2013
587855;REQ 8/2013 PL346004;10/07/2013
590058;MPV 625/2013;11/12/2013
592935;PL 6397/2013;01/10/2013
592935;PL 6397/2013;02/10/2013
592935;PL 6397/2013;15/10/2013
592935;PL 6397/2013;16/10/2013
592935;PL 6397/2013;16/10/2013
592935;PL 6397/2013;16/10/2013
592935;PL 6397/2013;22/10/2013
592935;PL 6397/2013;22/10/2013
593650;REQ 8696/2013 => PL 6397/2013;01/10/2013
595197;REQ 8/2013 PEC09011 => PEC 90/2011;10/07/2013
595564;REQ 8/2013 PEC19712 => PEC 197/2012;10/07/2013
597041;REQ 8/2013 PL501313 => PL 5013/2013;10/07/2013
597682;REQ 8/2013 CPITRAB;10/07/2013
599142;PDC 1361/2013;06/11/2013
599142;PDC 1361/2013;27/11/2013
599236;PEC 346/2013;05/11/2013
599236;PEC 346/2013;05/11/2013
599380;REQ 8970/2013 => PDC 1361/2013;06/11/2013
601354;REQ 8/2013 CMO => PLN 9/2013 CN;10/07/2013
602477;REQ 8/2013 PL520113 => PL 6753/2013;10/07/2013
604604;REQ 9261/2013 => PRC 228/2013;17/12/2013
19319;PL 3232/1992;10/06/2014
43617;PLP 275/2001;22/04/2014
44196;PLP 276/2002;23/04/2014
302638;PL 6025/2005;04/02/2014
302638;PL 6025/2005;11/02/2014
304008;PEC 471/2005;06/05/2014
325847;PLP 362/2006;22/04/2014
325847;PLP 362/2006;22/04/2014
325847;PLP 362/2006;22/04/2014
490116;PL 8035/2010;03/06/2014
525239;PEC 103/2011;19/03/2014
525239;PEC 103/2011;04/06/2014
527704;PEC 111/2011;23/04/2014
543107;PRC 132/2012;13/02/2014
551712;PEC 197/2012;11/11/2014
551712;PEC 197/2012;11/11/2014
551712;PEC 197/2012;17/12/2014
552295;PL 4246/2012;29/04/2014
559036;PLP 221/2012;07/05/2014
559036;PLP 221/2012;13/05/2014
559036;PLP 221/2012;13/05/2014
559036;PLP 221/2012;13/05/2014
559036;PLP 221/2012;03/06/2014
559036;PLP 221/2012;03/06/2014
559036;PLP 221/2012;03/06/2014
559036;PLP 221/2012;03/06/2014
559036;PLP 221/2012;03/06/2014
559036;PLP 221/2012;03/06/2014
564547;REP 17/2012;23/04/2014
567197;PEC 247/2013;19/02/2014
567197;PEC 247/2013;12/03/2014
583317;REQ 8130/2013 => PL 4471/2012;09/04/2014
586251;PEC 290/2013;25/03/2014
586251;PEC 290/2013;23/04/2014
586949;REQ 8339/2013 => PL 5943/2013;22/04/2014
587916;PEC 293/2013;05/02/2014
587916;PEC 293/2013;05/02/2014
590335;REP 22/2013;12/02/2014
597414;PLN 36/2013 CN;03/12/2014
597748;REQ 8880/2013 => PLP 276/2002;22/04/2014
600255;PL 6738/2013;26/03/2014
600363;MPV 627/2013;01/04/2014
600363;MPV 627/2013;01/04/2014
600363;MPV 627/2013;02/04/2014
600363;MPV 627/2013;02/04/2014
600363;MPV 627/2013;02/04/2014
601914;PL 6809/2013;26/03/2014
602633;PEC 358/2013;06/05/2014
602633;PEC 358/2013;16/12/2014
602633;PEC 358/2013;16/12/2014
602714;MPV 628/2013;07/04/2014
602714;MPV 628/2013;08/04/2014
602714;MPV 628/2013;08/04/2014
605324;MPV 630/2013;09/04/2014
605324;MPV 630/2013;09/04/2014
605327;MPV 632/2013;20/05/2014
605330;MPV 633/2013;21/05/2014
605330;MPV 633/2013;21/05/2014
605333;MPV 635/2013;20/05/2014
605986;REQ 9459/2014 => PDC 1263/2013;11/02/2014
606381;REQ 9534/2014;25/02/2014
606381;REQ 9534/2014;11/03/2014
606381;REQ 9534/2014;11/03/2014
606547;REQ 9556/2014 => PRC 237/2014;19/02/2014
609196;MPV 639/2014;27/05/2014
609198;MPV 640/2014;27/05/2014
611593;REP 25/2014;10/12/2014
613950;PDC 1472/2014;15/07/2014
615815;PLP 397/2014;04/06/2014
615815;PLP 397/2014;04/06/2014
617737;PDC 1491/2014;05/08/2014
617737;PDC 1491/2014;28/10/2014
617737;PDC 1491/2014;28/10/2014
617857;REQ 10361/2014 => PDC 1491/2014;15/07/2014
619150;PL 7735/2014;17/12/2014
619236;MPV 650/2014;07/10/2014
620901;MPV 652/2014;12/11/2014
621806;PEC 426/2014;04/11/2014
621806;PEC 426/2014;26/11/2014
622854;MPV 656/2014;17/12/2014
623330;MPV 657/2014;04/11/2014
623649;PLN 31/2014 CN;03/12/2014
623649;PLN 31/2014 CN;03/12/2014
744763;PLN 36/2014 CN;04/12/2014
744763;PLN 36/2014 CN;04/12/2014
744763;PLN 36/2014 CN;04/12/2014
744763;PLN 36/2014 CN;04/12/2014
744763;PLN 36/2014 CN;09/12/2014
786713;PEC 434/2014;10/12/2014
786713;PEC 434/2014;16/12/2014
808884;PDC 1612/2014;09/12/2014
858585;REQ 10929/2014 => PRC 266/2014;16/12/2014
14493;PEC 171/1993;01/07/2015
14493;PEC 171/1993;01/07/2015
14493;PEC 171/1993;01/07/2015
14493;PEC 171/1993;01/07/2015
14493;PEC 171/1993;02/07/2015
14493;PEC 171/1993;19/08/2015
14493;PEC 171/1993;19/08/2015
18180;PL 2479/2000;20/08/2015
18216;PL 2505/2000;23/04/2015
148200;PEC 215/2003;20/10/2015
148200;PEC 215/2003;03/11/2015
267841;PL 4330/2004;08/04/2015
267841;PL 4330/2004;08/04/2015
267841;PL 4330/2004;14/04/2015
267841;PL 4330/2004;22/04/2015
267841;PL 4330/2004;22/04/2015
270277;PL 4474/2004;24/09/2015
298878;PEC 457/2005;04/03/2015
298878;PEC 457/2005;04/03/2015
298878;PEC 457/2005;04/03/2015
298878;PEC 457/2005;05/05/2015
298878;PEC 457/2005;05/05/2015
304008;PEC 471/2005;26/08/2015
305376;PEC 475/2005;05/05/2015
339287;PEC 590/2006;10/03/2015
339287;PEC 590/2006;24/03/2015
339407;PL 7699/2006;05/03/2015
344866;PLP 25/2007;01/09/2015
344866;PLP 25/2007;02/09/2015
344866;PLP 25/2007;02/09/2015
344866;PLP 25/2007;02/09/2015
348730;PL 789/2007;25/03/2015
351362;PL 1057/2007;26/08/2015
372066;PL 2211/2007;25/02/2015
373327;PEC 182/2007;26/05/2015
373327;PEC 182/2007;26/05/2015
373327;PEC 182/2007;26/05/2015
373327;PEC 182/2007;26/05/2015
373327;PEC 182/2007;27/05/2015
373327;PEC 182/2007;27/05/2015
373327;PEC 182/2007;27/05/2015
373327;PEC 182/2007;27/05/2015
373327;PEC 182/2007;28/05/2015
373327;PEC 182/2007;28/05/2015
373327;PEC 182/2007;28/05/2015
373327;PEC 182/2007;10/06/2015
373327;PEC 182/2007;10/06/2015
373327;PEC 182/2007;10/06/2015
373327;PEC 182/2007;10/06/2015
373327;PEC 182/2007;10/06/2015
373327;PEC 182/2007;11/06/2015
373327;PEC 182/2007;11/06/2015
373327;PEC 182/2007;11/06/2015
373327;PEC 182/2007;16/06/2015
373327;PEC 182/2007;16/06/2015
373327;PEC 182/2007;16/06/2015
373327;PEC 182/2007;16/06/2015
373327;PEC 182/2007;16/06/2015
373327;PEC 182/2007;16/06/2015
373327;PEC 182/2007;17/06/2015
373327;PEC 182/2007;17/06/2015
373327;PEC 182/2007;17/06/2015
373327;PEC 182/2007;07/07/2015
373327;PEC 182/2007;15/07/2015
373327;PEC 182/2007;15/07/2015
373327;PEC 182/2007;15/07/2015
373327;PEC 182/2007;15/07/2015
373327;PEC 182/2007;04/08/2015
373327;PEC 182/2007;12/08/2015
388449;PL 3131/2008;26/03/2015
412728;PL 4148/2008;25/03/2015
412728;PL 4148/2008;28/04/2015
463155;PEC 443/2009;04/08/2015
463155;PEC 443/2009;06/08/2015
463155;PEC 443/2009;06/08/2015
463155;PEC 443/2009;06/08/2015
463155;PEC 443/2009;11/08/2015
526536;PLP 106/2011;26/08/2015
537900;PL 3481/2012;31/03/2015
537900;PL 3481/2012;31/03/2015
542838;PL 3771/2012;10/03/2015
544681;PEC 172/2012;02/09/2015
544681;PEC 172/2012;02/09/2015
544681;PEC 172/2012;02/09/2015
544681;PEC 172/2012;22/09/2015
544681;PEC 172/2012;23/09/2015
544681;PEC 172/2012;23/09/2015
544724;PLP 177/2012;24/02/2015
551712;PEC 197/2012;03/02/2015
552295;PL 4246/2012;11/02/2015
553947;PEC 209/2012;30/09/2015
571550;REQ 7492/2013 => PL 4372/2012;03/03/2015
578047;PLP 278/2013;15/10/2015
580148;PL 5735/2013;14/07/2015
580148;PL 5735/2013;14/07/2015
580148;PL 5735/2013;14/07/2015
580148;PL 5735/2013;14/07/2015
580148;PL 5735/2013;14/07/2015
580148;PL 5735/2013;14/07/2015
580148;PL 5735/2013;09/09/2015
580148;PL 5735/2013;09/09/2015
580148;PL 5735/2013;09/09/2015
580148;PL 5735/2013;09/09/2015
585608;PLP 302/2013;12/03/2015
585608;PLP 302/2013;12/03/2015
585608;PLP 302/2013;17/03/2015
585608;PLP 302/2013;17/03/2015
585608;PLP 302/2013;17/03/2015
585608;PLP 302/2013;17/03/2015
585608;PLP 302/2013;17/03/2015
585608;PLP 302/2013;17/03/2015
590796;REQ 8530/2013 => PL 4330/2004;07/04/2015
591830;PDC 1287/2013;19/03/2015
593856;PL 6446/2013;20/10/2015
593856;PL 6446/2013;20/10/2015
593856;PL 6446/2013;20/10/2015
600023;PEC 352/2013;03/02/2015
602599;PDC 1410/2013;05/02/2015
602633;PEC 358/2013;10/02/2015
602633;PEC 358/2013;10/02/2015
603566;PLP 366/2013;10/09/2015
603566;PLP 366/2013;16/09/2015
603566;PLP 366/2013;16/09/2015
603566;PLP 366/2013;16/09/2015
603566;PLP 366/2013;16/09/2015
611193;REQ 9909/2014 => PL 5201/2013;26/02/2015
611966;PEC 395/2014;21/10/2015
613662;PL 7469/2014;17/03/2015
613662;PL 7469/2014;18/03/2015
619150;PL 7735/2014;10/02/2015
619150;PL 7735/2014;27/04/2015
619150;PL 7735/2014;27/04/2015
622072;PL 7924/2014;10/03/2015
796341;MPV 660/2014;07/04/2015
796341;MPV 660/2014;15/04/2015
808898;MPV 661/2014;09/04/2015
808898;MPV 661/2014;09/04/2015
808898;MPV 661/2014;09/04/2015
818166;REQ 10903/2014 => PL 1462/2007;09/09/2015
860923;MPV 663/2014;12/05/2015
860923;MPV 663/2014;12/05/2015
860923;MPV 663/2014;12/05/2015
865929;MPV 664/2014;13/05/2015
865929;MPV 664/2014;13/05/2015
865929;MPV 664/2014;13/05/2015
865929;MPV 664/2014;13/05/2015
865929;MPV 664/2014;13/05/2015
865929;MPV 664/2014;13/05/2015
865929;MPV 664/2014;14/05/2015
865929;MPV 664/2014;14/05/2015
865929;MPV 664/2014;14/05/2015
865929;MPV 664/2014;14/05/2015
865929;MPV 664/2014;14/05/2015
865930;MPV 665/2014;06/05/2015
865930;MPV 665/2014;06/05/2015
865930;MPV 665/2014;06/05/2015
865930;MPV 665/2014;06/05/2015
865930;MPV 665/2014;06/05/2015
865930;MPV 665/2014;06/05/2015
865930;MPV 665/2014;06/05/2015
865930;MPV 665/2014;07/05/2015
865930;MPV 665/2014;07/05/2015
865930;MPV 665/2014;07/05/2015
865930;MPV 665/2014;07/05/2015
865930;MPV 665/2014;07/05/2015
865930;MPV 665/2014;07/05/2015
865930;MPV 665/2014;07/05/2015
865930;MPV 665/2014;07/05/2015
865930;MPV 665/2014;07/05/2015
944251;PL 10/2015;20/08/2015
944494;MPV 668/2015;19/05/2015
944494;MPV 668/2015;19/05/2015
944494;MPV 668/2015;19/05/2015
944494;MPV 668/2015;19/05/2015
944494;MPV 668/2015;19/05/2015
944494;MPV 668/2015;19/05/2015
944494;MPV 668/2015;20/05/2015
944494;MPV 668/2015;20/05/2015
944494;MPV 668/2015;20/05/2015
944494;MPV 668/2015;20/05/2015
944494;MPV 668/2015;20/05/2015
944494;MPV 668/2015;20/05/2015
944494;MPV 668/2015;20/05/2015
946620;PLP 13/2015;16/04/2015
947630;REQ 567/2015;26/02/2015
949149;PRC 11/2015;12/03/2015
955528;REQ 739/2015 => PL 6361/2013;04/03/2015
961716;REQ 784/2015;04/03/2015
962435;REQ 796/2015 => PL 2177/2011;05/03/2015
994612;PLP 25/2015;13/08/2015
996537;REQ 894/2015 => PL 623/2015;24/03/2015
996553;MPV 670/2015;17/06/2015
996553;MPV 670/2015;17/06/2015
996553;MPV 670/2015;17/06/2015
1049075;REQ 1030/2015 => PL 644/2015;24/03/2015
1049167;REQ 1041/2015 => PL 6232/2013;25/08/2015
1049380;PL 846/2015;26/03/2015
1050558;MPV 671/2015;07/07/2015
1050643;PL 863/2015;25/06/2015
1050643;PL 863/2015;25/06/2015
1050643;PL 863/2015;25/06/2015
1050643;PL 863/2015;25/06/2015
1050643;PL 863/2015;25/06/2015
1050643;PL 863/2015;25/06/2015
1050643;PL 863/2015;25/06/2015
1050643;PL 863/2015;25/06/2015
1050643;PL 863/2015;25/06/2015
1050643;PL 863/2015;25/06/2015
1050788;PLP 37/2015;24/03/2015
1050788;PLP 37/2015;30/06/2015
1050795;REQ 1108/2015 => PLP 34/2015;24/03/2015
1050835;REQ 1117/2015 => PL 8122/2014;24/03/2015
1050836;REQ 1118/2015 => PL 7885/2014;24/03/2015
1050840;REQ 1121/2015 => PL 7224/2006;24/03/2015
1050845;REQ 1125/2015 => PL 6701/2013;26/03/2015
1050847;REQ 1126/2015 => PL 3111/2012;25/08/2015
1050852;REQ 1129/2015 => PL 5773/2013;30/03/2015
1150196;MPV 672/2015;24/06/2015
1150196;MPV 672/2015;24/06/2015
1150196;MPV 672/2015;24/06/2015
1150196;MPV 672/2015;24/06/2015
1150196;MPV 672/2015;24/06/2015
1150196;MPV 672/2015;24/06/2015
1150196;MPV 672/2015;24/06/2015
1155251;REQ 567/2015 CPIPETRO;26/02/2015
1194736;REQ 1219/2015 => PL 6726/2013;06/10/2015
1228455;PDC 57/2015;20/08/2015
1228455;PDC 57/2015;08/09/2015
1228940;REQ 1681/2015 => PL 1358/2015;30/06/2015
1243807;REQ 739/2015 CPIPETRO;04/03/2015
1279911;REQ 784/2015 CPIPETRO;04/03/2015
1280621;MPV 675/2015 ;03/09/2015
1280721;REQ 796/2015 CPIPETRO;05/03/2015
1301437;REQ 2027/2015 => PDC 1408/2013;10/09/2015
1306690;REQ 2118/2015 => PL 1780/2015;10/09/2015
1504953;MPV 676/2015;30/09/2015
1504953;MPV 676/2015;30/09/2015
1514014;PL 2016/2015;12/08/2015
1514136;PL 2020/2015;04/08/2015
1514282;REQ 894/2015 CPIPETRO;24/03/2015
1515648;MPV 678/2015 ;07/10/2015
1515648;MPV 678/2015 ;08/10/2015
1515648;MPV 678/2015 ;08/10/2015
1515648;MPV 678/2015 ;08/10/2015
1515648;MPV 678/2015 ;13/10/2015
1515649;MPV 679/2015 ;17/09/2015
1526944;PEC 74/2015;17/11/2015
1526944;PEC 74/2015;15/12/2015
1526944;PEC 74/2015;15/12/2015
1554118;REQ 2409/2015 => PL 5230/2013;25/08/2015
1555340;PLP 124/2015;23/09/2015
1555340;PLP 124/2015;23/09/2015
1570705;REC 49/2015 => PL 8170/2014;18/08/2015
1570898;MPV 681/2015 ;15/09/2015
1570899;MPV 682/2015 ;21/10/2015
1579302;REQ 2507/2015 => PLP 124/2015;17/09/2015
1594437;MPV 685/2015;03/11/2015
1594437;MPV 685/2015;03/11/2015
1594437;MPV 685/2015;03/11/2015
1594437;MPV 685/2015;03/11/2015
1594437;MPV 685/2015;17/11/2015
1594497;PLN 5/2015 CN;02/12/2015
1594497;PLN 5/2015 CN;02/12/2015
1671673;MPV 687/2015 ;27/10/2015
1671673;MPV 687/2015 ;27/10/2015
1671859;REQ 2727/2015 => PL 8170/2014;25/08/2015
1672013;REQ 2738/2015 => PL 2455/2015;02/09/2015
1672065;MPV 688/2015 ;10/11/2015
1672065;MPV 688/2015 ;10/11/2015
1672065;MPV 688/2015 ;10/11/2015
1672065;MPV 688/2015 ;10/11/2015
1672065;MPV 688/2015 ;10/11/2015
1672065;MPV 688/2015 ;10/11/2015
1672259;REQ 1030/2015 CPIPETRO => RCP 3/2015;24/03/2015
1673072;REQ 1041/2015 CPIPETRO;25/08/2015
1673126;PL 2750/2015;22/10/2015
1700884;MPV 691/2015 ;24/11/2015
1700884;MPV 691/2015 ;24/11/2015
1700884;MPV 691/2015 ;24/11/2015
1700884;MPV 691/2015 ;24/11/2015
1700884;MPV 691/2015 ;24/11/2015
1712864;REQ 2971/2015 => PL 4059/2012;16/09/2015
1715687;PL 2960/2015;28/10/2015
1715687;PL 2960/2015;04/11/2015
1715687;PL 2960/2015;04/11/2015
1715687;PL 2960/2015;11/11/2015
1715687;PL 2960/2015;11/11/2015
1715687;PL 2960/2015;11/11/2015
1715687;PL 2960/2015;11/11/2015
1734344;REQ 3048/2015 => PL 6401/2009;22/09/2015
1734841;REQ 1108/2015 CPIPETRO => RCP 3/2015;24/03/2015
1744988;REQ 3101/2015 => PL 2430/2003;29/09/2015
1786206;REQ 3117/2015 => PL 3075/2015;30/09/2015
1805441;REQ 1117/2015 CPIPETRO;24/03/2015
1805529;REQ 1118/2015 CPIPETRO;24/03/2015
1805865;REQ 1121/2015 CPIPETRO;24/03/2015
1805871;REQ 1125/2015 CPIPETRO;26/03/2015
1805872;REQ 1126/2015 CPIPETRO;25/08/2015
1806117;REQ 1129/2015 CPIPETRO;30/03/2015
2017337;PDC 238/2015;05/11/2015
340812;PRC 8/2007;26/04/2016
340812;PRC 8/2007;27/04/2016
340812;PRC 8/2007;27/04/2016
340812;PRC 8/2007;27/04/2016
340812;PRC 8/2007;27/04/2016
340812;PRC 8/2007;27/04/2016
340812;PRC 8/2007;27/04/2016
340812;PRC 8/2007;27/04/2016
340812;PRC 8/2007;27/04/2016
340812;PRC 8/2007;28/04/2016
340812;PRC 8/2007;28/04/2016
340812;PRC 8/2007;28/04/2016
340812;PRC 8/2007;28/04/2016
340812;PRC 8/2007;28/04/2016
340812;PRC 8/2007;28/04/2016
344866;PLP 25/2007;04/10/2016
344866;PLP 25/2007;04/10/2016
533082;REQ 4124/2011 => PL 6697/2009;28/04/2016
533082;REQ 4124/2011 => PL 6697/2009;03/05/2016
552197;PL 4238/2012;29/11/2016
553947;PEC 209/2012;30/11/2016
611966;PEC 395/2014;17/02/2016
819408;REQ 10906/2014 => PL 7922/2014;31/05/2016
945979;PEC 1/2015;22/03/2016
946734;PEC 4/2015;02/06/2016
946734;PEC 4/2015;02/06/2016
946734;PEC 4/2015;02/06/2016
946734;PEC 4/2015;02/06/2016
946734;PEC 4/2015;08/06/2016
946734;PEC 4/2015;08/06/2016
1063052;PEC 11/2015;23/02/2016
1063052;PEC 11/2015;22/03/2016
1594910;PL 2516/2015;06/12/2016
1712771;REQ 2965/2015 => PLP 392/2014;29/03/2016
1712931;REQ 2974/2015 => PL 2648/2015;28/04/2016
1738686;MPV 692/2015 ;03/02/2016
1738686;MPV 692/2015 ;03/02/2016
1738686;MPV 692/2015 ;03/02/2016
1806248;MPV 693/2015 ;01/03/2016
1806249;MPV 694/2015 ;01/03/2016
1806249;MPV 694/2015 ;02/03/2016
1806249;MPV 694/2015 ;02/03/2016
1806553;MPV 695/2015 ;03/02/2016
1806553;MPV 695/2015 ;16/02/2016
1806553;MPV 695/2015 ;16/02/2016
1806553;MPV 695/2015 ;16/02/2016
1806553;MPV 695/2015 ;16/02/2016
1806553;MPV 695/2015 ;16/02/2016
1806554;MPV 696/2015 ;17/02/2016
1806554;MPV 696/2015 ;18/02/2016
2010528;REQ 3232/2015 => PRC 76/2015;19/10/2016
2018368;PRC 88/2015;04/05/2016
2024766;MPV 698/2015 ;15/03/2016
2024766;MPV 698/2015 ;16/03/2016
2024766;MPV 698/2015 ;21/03/2016
2025146;REP 1/2015;12/09/2016
2058404;MPV 701/2015 ;26/04/2016
2058404;MPV 701/2015 ;03/05/2016
2075925;MPV 702/2015 ;28/03/2016
2076237;MPV 706/2015 ;18/05/2016
2076245;MPV 708/2015 ;23/05/2016
2076245;MPV 708/2015 ;23/05/2016
2076245;MPV 708/2015 ;23/05/2016
2076245;MPV 708/2015 ;24/05/2016
2076264;MPV 710/2016 ;29/03/2016
2076811;REQ 3879/2016 => PRC 88/2015;04/05/2016
2077084;PDC 315/2016;25/02/2016
2077084;PDC 315/2016;09/03/2016
2077084;PDC 315/2016;09/03/2016
2078295;PL 4567/2016;05/10/2016
2078295;PL 4567/2016;05/10/2016
2078295;PL 4567/2016;05/10/2016
2078295;PL 4567/2016;05/10/2016
2078295;PL 4567/2016;24/10/2016
2078295;PL 4567/2016;24/10/2016
2078295;PL 4567/2016;24/10/2016
2078295;PL 4567/2016;09/11/2016
2078488;REQ 4057/2016 => PL 4073/2015;10/03/2016
2078491;REQ 4059/2016 => PL 173/2015;08/03/2016
2078502;MPV 713/2016 ;15/06/2016
2078502;MPV 713/2016 ;15/06/2016
2078502;MPV 713/2016 ;15/06/2016
2078502;MPV 713/2016 ;15/06/2016
2078503;MPV 714/2016 ;20/06/2016
2078503;MPV 714/2016 ;21/06/2016
2079961;MPV 718/2016 ;05/07/2016
2080237;PLP 257/2016;09/08/2016
2080237;PLP 257/2016;09/08/2016
2080237;PLP 257/2016;09/08/2016
2080237;PLP 257/2016;10/08/2016
2080237;PLP 257/2016;10/08/2016
2080237;PLP 257/2016;10/08/2016
2080237;PLP 257/2016;10/08/2016
2080237;PLP 257/2016;10/08/2016
2080237;PLP 257/2016;10/08/2016
2080237;PLP 257/2016;30/08/2016
2080237;PLP 257/2016;30/08/2016
2080237;PLP 257/2016;30/08/2016
2080237;PLP 257/2016;30/08/2016
2080237;PLP 257/2016;30/08/2016
2080237;PLP 257/2016;15/12/2016
2080237;PLP 257/2016;20/12/2016
2080237;PLP 257/2016;20/12/2016
2080237;PLP 257/2016;20/12/2016
2080501;PLN 1/2016 CN;25/05/2016
2080501;PLN 1/2016 CN;25/05/2016
2080919;PRC 134/2016;27/04/2016
2080919;PRC 134/2016;27/04/2016
2080919;PRC 134/2016;27/04/2016
2080919;PRC 134/2016;27/04/2016
2080937;REQ 4249/2016;24/11/2016
2080942;REQ 4250/2016 => PRC 134/2016;04/04/2016
2081484;REQ 4282/2016 => PL 2646/2015;03/05/2016
2081629;REQ 4295/2016 => PL 2742/2015;31/05/2016
2081630;REQ 4296/2016 => PL 2743/2015;31/05/2016
2081631;REQ 4297/2016 => PL 4244/2015;31/05/2016
2081729;REQ 4310/2016 => PL 4252/2015;31/05/2016
2081730;REQ 4311/2016 => PL 4253/2015;31/05/2016
2081879;REQ 4318/2016 => PL 4254/2015;31/05/2016
2081879;REQ 4318/2016 => PL 4254/2015;31/05/2016
2082207;PLN 2/2016 CN;23/08/2016
2082670;REQ 4376/2016 => PL 2747/2015;31/05/2016
2083149;REQ 4411/2016 => PL 364/2015;09/11/2016
2083179;REQ 4412/2016 => PL 4250/2015;31/05/2016
2083180;REQ 4413/2016 => PL 4251/2015;31/05/2016
2083181;REQ 4414/2016 => PL 4255/2015;31/05/2016
2083183;REQ 4415/2016 => PL 2431/2011;14/06/2016
2084297;MPV 725/2016 ;29/08/2016
2084297;MPV 725/2016 ;29/08/2016
2084401;MPV 726/2016 ;29/08/2016
2084401;MPV 726/2016 ;30/08/2016
2084402;MPV 727/2016 ;30/08/2016
2084402;MPV 727/2016 ;30/08/2016
2087004;REQ 4600/2016 => PL 4918/2016;07/06/2016
2087005;REQ 4601/2016 => PLP 268/2016;08/06/2016
2087377;PEC 233/2016;30/11/2016
2087377;PEC 233/2016;30/11/2016
2088351;PEC 241/2016;10/10/2016
2088351;PEC 241/2016;10/10/2016
2088351;PEC 241/2016;10/10/2016
2088351;PEC 241/2016;10/10/2016
2088351;PEC 241/2016;10/10/2016
2088351;PEC 241/2016;10/10/2016
2088351;PEC 241/2016;10/10/2016
2088351;PEC 241/2016;10/10/2016
2088351;PEC 241/2016;10/10/2016
2088351;PEC 241/2016;10/10/2016
2088351;PEC 241/2016;10/10/2016
2088351;PEC 241/2016;10/10/2016
2088351;PEC 241/2016;10/10/2016
2088351;PEC 241/2016;10/10/2016
2088351;PEC 241/2016;11/10/2016
2088351;PEC 241/2016;11/10/2016
2088351;PEC 241/2016;11/10/2016
2088351;PEC 241/2016;25/10/2016
2088351;PEC 241/2016;25/10/2016
2088351;PEC 241/2016;25/10/2016
2088351;PEC 241/2016;25/10/2016
2088351;PEC 241/2016;25/10/2016
2088351;PEC 241/2016;25/10/2016
2088351;PEC 241/2016;25/10/2016
2088351;PEC 241/2016;25/10/2016
2088351;PEC 241/2016;25/10/2016
2088351;PEC 241/2016;25/10/2016
2088351;PEC 241/2016;25/10/2016
2088351;PEC 241/2016;25/10/2016
2088351;PEC 241/2016;26/10/2016
2088351;PEC 241/2016;26/10/2016
2088351;PEC 241/2016;26/10/2016
2090241;REQ 4818/2016 => PLP 257/2016;06/07/2016
2090722;REQ 4864/2016 => PL 5768/2016;06/07/2016
2090938;MPV 738/2016 ;26/10/2016
2091283;REQ 4879/2016 => PLP 257/2016;12/07/2016
2091284;REQ 4880/2016 => PL 4567/2016;12/07/2016
2091826;PLN 11/2016 CN;23/08/2016
2092382;MPV 742/2016 ;08/11/2016
2092382;MPV 742/2016 ;08/11/2016
2092382;MPV 742/2016 ;08/11/2016
2092382;MPV 742/2016 ;09/11/2016
2092382;MPV 742/2016 ;09/11/2016
2092382;MPV 742/2016 ;09/11/2016
2092962;PLN 14/2016 CN;18/10/2016
2110829;MPV 744/2016 ;14/12/2016
2110829;MPV 744/2016 ;14/12/2016
2110829;MPV 744/2016 ;14/12/2016
2112064;MPV 745/2016 ;07/12/2016
2112064;MPV 745/2016 ;07/12/2016
2112490;MPV 746/2016 ;07/12/2016
2112490;MPV 746/2016 ;07/12/2016
2112490;MPV 746/2016 ;07/12/2016
2112490;MPV 746/2016 ;13/12/2016
2112490;MPV 746/2016 ;13/12/2016
2112490;MPV 746/2016 ;13/12/2016
2112490;MPV 746/2016 ;13/12/2016
2112490;MPV 746/2016 ;13/12/2016
2112490;MPV 746/2016 ;13/12/2016
2112490;MPV 746/2016 ;13/12/2016
2112897;REQ 5266/2016 => PL 2617/2015;05/10/2016
2113486;REQ 5298/2016 => PEC 241/2016;10/10/2016
2116257;REQ 5472/2016 => PL 6427/2016;22/11/2016
18467;PL 2671/1989;28/11/2017
20794;PL 4302/1998;22/03/2017
20794;PL 4302/1998;22/03/2017
20794;PL 4302/1998;22/03/2017
20794;PL 4302/1998;22/03/2017
117975;PEC 77/2003;16/08/2017
117975;PEC 77/2003;16/08/2017
117975;PEC 77/2003;23/08/2017
117975;PEC 77/2003;23/08/2017
117975;PEC 77/2003;23/08/2017
117975;PEC 77/2003;13/09/2017
117975;PEC 77/2003;14/09/2017
117975;PEC 77/2003;19/09/2017
150629;PL 2862/2004;07/11/2017
150629;PL 2862/2004;07/11/2017
356194;PLP 76/2007;31/10/2017
356194;PLP 76/2007;31/10/2017
524870;PLP 100/2011;28/11/2017
537672;PL 3468/2012;09/11/2017
553947;PEC 209/2012;15/03/2017
583317;REQ 8130/2013 => PL 4471/2012;07/11/2017
611966;PEC 395/2014;15/03/2017
611966;PEC 395/2014;29/03/2017
1203158;PLP 54/2015;24/05/2017
1203158;PLP 54/2015;31/05/2017
1203158;PLP 54/2015;31/05/2017
1734739;PLP 163/2015;08/02/2017
1805641;PLP 171/2015;06/12/2017
2024315;PL 3376/2015;16/08/2017
2077499;REQ 3970/2016 => PL 4424/2016;07/02/2017
2077691;REQ 3986/2016 => PL 1202/2007;19/12/2017
2077978;REQ 4009/2016 => PLP 76/2007;04/09/2017
2080373;PEC 199/2016;07/06/2017
2080373;PEC 199/2016;28/11/2017
2080373;PEC 199/2016;28/11/2017
2080373;PEC 199/2016;28/11/2017
2080373;PEC 199/2016;28/11/2017
2080373;PEC 199/2016;28/11/2017
2082483;PEC 212/2016;29/11/2017
2082483;PEC 212/2016;06/12/2017
2088280;PL 5587/2016;04/04/2017
2088280;PL 5587/2016;04/04/2017
2091000;PDC 424/2016;19/12/2017
2091285;REQ 4881/2016 => PL 2542/2015;08/02/2017
2093451;REQ 5022/2016 => PRC 159/2016;08/02/2017
2110703;MSC 471/2016 => MSC 463/2013 => PL 6646/2013;08/02/2017
2112586;MPV 747/2016 ;21/02/2017
2112586;MPV 747/2016 ;21/02/2017
2116221;REQ 5468/2016 => PLP 54/2015;14/03/2017
2116870;MPV 751/2016 ;28/03/2017
2118401;PEC 282/2016;05/09/2017
2118401;PEC 282/2016;05/09/2017
2118401;PEC 282/2016;05/09/2017
2118401;PEC 282/2016;19/09/2017
2118401;PEC 282/2016;20/09/2017
2118401;PEC 282/2016;20/09/2017
2118401;PEC 282/2016;20/09/2017
2118401;PEC 282/2016;20/09/2017
2118401;PEC 282/2016;20/09/2017
2118401;PEC 282/2016;20/09/2017
2118401;PEC 282/2016;20/09/2017
2118401;PEC 282/2016;27/09/2017
2118401;PEC 282/2016;27/09/2017
2118401;PEC 282/2016;27/09/2017
2118402;PL 6568/2016;15/02/2017
2118464;MPV 752/2016;27/04/2017
2118464;MPV 752/2016;02/05/2017
2118464;MPV 752/2016;02/05/2017
2118464;MPV 752/2016;02/05/2017
2120382;REQ 5679/2016 => PL 5850/2016;15/02/2017
2121837;MPV 755/2016 ;17/05/2017
2121839;MPV 756/2016 ;16/05/2017
2121839;MPV 756/2016 ;16/05/2017
2121839;MPV 756/2016 ;16/05/2017
2121839;MPV 756/2016 ;16/05/2017
2121839;MPV 756/2016 ;16/05/2017
2121839;MPV 756/2016 ;16/05/2017
2121839;MPV 756/2016 ;16/05/2017
2121843;MPV 757/2016 ;15/05/2017
2121849;MPV 758/2016 ;16/05/2017
2121849;MPV 758/2016 ;16/05/2017
2121849;MPV 758/2016 ;16/05/2017
2121849;MPV 758/2016 ;16/05/2017
2121849;MPV 758/2016 ;16/05/2017
2121849;MPV 758/2016 ;16/05/2017
2121849;MPV 758/2016 ;17/05/2017
2122076;PL 6787/2016;26/04/2017
2122076;PL 6787/2016;26/04/2017
2122076;PL 6787/2016;26/04/2017
2122076;PL 6787/2016;26/04/2017
2122076;PL 6787/2016;26/04/2017
2122076;PL 6787/2016;26/04/2017
2122076;PL 6787/2016;27/04/2017
2122076;PL 6787/2016;27/04/2017
2122076;PL 6787/2016;27/04/2017
2122078;MPV 759/2016 ;27/06/2017
2122078;MPV 759/2016 ;27/06/2017
2122078;MPV 759/2016 ;27/06/2017
2122078;MPV 759/2016 ;27/06/2017
2122078;MPV 759/2016 ;27/06/2017
2122082;MPV 763/2016 ;23/05/2017
2122082;MPV 763/2016 ;23/05/2017
2122082;MPV 763/2016 ;23/05/2017
2122082;MPV 763/2016 ;23/05/2017
2122119;MPV 765/2016 ;25/05/2017
2122129;MPV 767/2017;24/05/2017
2123066;REQ 5829/2017 => RCP 23/2016;15/02/2017
2123843;PEC 304/2017;10/05/2017
2123843;PEC 304/2017;10/05/2017
2123843;PEC 304/2017;31/05/2017
2124451;PLP 343/2017;05/04/2017
2124451;PLP 343/2017;05/04/2017
2124451;PLP 343/2017;05/04/2017
2124451;PLP 343/2017;05/04/2017
2124451;PLP 343/2017;10/04/2017
2124451;PLP 343/2017;11/04/2017
2124451;PLP 343/2017;11/04/2017
2124451;PLP 343/2017;11/04/2017
2124451;PLP 343/2017;11/04/2017
2124451;PLP 343/2017;18/04/2017
2124451;PLP 343/2017;18/04/2017
2124451;PLP 343/2017;19/04/2017
2124451;PLP 343/2017;19/04/2017
2124451;PLP 343/2017;19/04/2017
2124451;PLP 343/2017;25/04/2017
2124451;PLP 343/2017;25/04/2017
2124451;PLP 343/2017;25/04/2017
2124451;PLP 343/2017;25/04/2017
2124451;PLP 343/2017;10/05/2017
2124451;PLP 343/2017;10/05/2017
2124451;PLP 343/2017;10/05/2017
2124451;PLP 343/2017;10/05/2017
2124451;PLP 343/2017;10/05/2017
2124707;REQ 6015/2017 => PLP 100/2011;16/05/2017
2124774;REQ 6026/2017 => PL 1530/2015;14/03/2017
2125012;REQ 6053/2017 => RCP 26/2016;23/03/2017
2125277;REQ 6074/2017 => PLP 343/2017;14/03/2017
2127233;MPV 770/2017 ;28/06/2017
2127233;MPV 770/2017 ;04/07/2017
2127233;MPV 770/2017 ;04/07/2017
2127233;MPV 770/2017 ;04/07/2017
2127235;REQ 6150/2017 => PRC 190/2001;06/06/2017
2127797;MPV 771/2017 ;05/07/2017
2127797;MPV 771/2017 ;05/07/2017
2127797;MPV 771/2017 ;05/07/2017
2127797;MPV 771/2017 ;05/07/2017
2127803;MPV 772/2017 ;11/07/2017
2127803;MPV 772/2017 ;11/07/2017
2127803;MPV 772/2017 ;11/07/2017
2127803;MPV 772/2017 ;11/07/2017
2127803;MPV 772/2017 ;01/08/2017
2128869;MPV 775/2017 ;14/08/2017
2128869;MPV 775/2017 ;15/08/2017
2129185;PL 7391/2017;12/12/2017
2129185;PL 7391/2017;12/12/2017
2129185;PL 7391/2017;12/12/2017
2129647;REQ 6281/2017 => PL 6787/2016;18/04/2017
2129925;REQ 6292/2017 => PL 6787/2016;19/04/2017
2132523;MPV 776/2017 ;05/09/2017
2132524;MPV 777/2017 ;23/08/2017
2132524;MPV 777/2017 ;23/08/2017
2132524;MPV 777/2017 ;23/08/2017
2132524;MPV 777/2017 ;24/08/2017
2132524;MPV 777/2017 ;24/08/2017
2132524;MPV 777/2017 ;24/08/2017
2132524;MPV 777/2017 ;24/08/2017
2132524;MPV 777/2017 ;30/08/2017
2132524;MPV 777/2017 ;30/08/2017
2132902;REQ 6368/2017 => PL 3376/2015;08/08/2017
2137715;REQ 6460/2017 => PL 6699/2002;13/12/2017
2137734;MPV 778/2017 ;22/08/2017
2138678;MPV 779/2017 ;26/09/2017
2138679;MPV 780/2017 ;12/09/2017
2138679;MPV 780/2017 ;12/09/2017
2138679;MPV 780/2017 ;12/09/2017
2138679;MPV 780/2017 ;12/09/2017
2138918;MPV 781/2017 ;20/09/2017
2139214;REQ 6542/2017 => PL 7574/2017;13/12/2017
2139901;REQ 6636/2017 => PL 7606/2017;08/08/2017
2139967;MPV 782/2017 ;26/09/2017
2139967;MPV 782/2017 ;26/09/2017
2139967;MPV 782/2017 ;26/09/2017
2139981;MPV 783/2017 ;27/09/2017
2139981;MPV 783/2017 ;27/09/2017
2139981;MPV 783/2017 ;27/09/2017
2139981;MPV 783/2017 ;03/10/2017
2139981;MPV 783/2017 ;03/10/2017
2139981;MPV 783/2017 ;03/10/2017
2139981;MPV 783/2017 ;03/10/2017
2139981;MPV 783/2017 ;03/10/2017
2141000;MPV 784/2017 ;10/10/2017
2141401;REQ 6711/2017 => PL 7626/2017;13/06/2017
2144465;MPV 785/2017 ;31/10/2017
2144465;MPV 785/2017 ;31/10/2017
2144465;MPV 785/2017 ;31/10/2017
2144465;MPV 785/2017 ;31/10/2017
2145275;MPV 786/2017 ;21/11/2017
2145807;MPV 787/2017 ;22/11/2017
2145819;MPV 789/2017 ;21/11/2017
2145822;MPV 791/2017 ;22/11/2017
2145957;MPV 793/2017 ;23/11/2017
2145957;MPV 793/2017 ;27/11/2017
2148390;PLN 17/2017 CN;30/08/2017
2148390;PLN 17/2017 CN;31/08/2017
2148390;PLN 17/2017 CN;31/08/2017
2148390;PLN 17/2017 CN;05/09/2017
2148437;MPV 795/2017 ;29/11/2017
2148437;MPV 795/2017 ;29/11/2017
2148437;MPV 795/2017 ;29/11/2017
2148437;MPV 795/2017 ;05/12/2017
2148437;MPV 795/2017 ;05/12/2017
2148437;MPV 795/2017 ;06/12/2017
2148437;MPV 795/2017 ;13/12/2017
2148437;MPV 795/2017 ;13/12/2017
2148733;REQ 7073/2017 => PL 8327/2017;12/12/2017
2151995;PL 8612/2017;04/10/2017
2151995;PL 8612/2017;05/10/2017
2153100;PL 8703/2017;04/10/2017
2153100;PL 8703/2017;04/10/2017
2153290;REQ 7339/2017 => PL 8703/2017;27/09/2017
2153714;REQ 7374/2017 => PL 8703/2017;03/10/2017
2156331;PL 8843/2017;18/10/2017
2156331;PL 8843/2017;18/10/2017
2156331;PL 8843/2017;18/10/2017
2156497;REQ 7459/2017 => PL 8843/2017;17/10/2017
2162525;REQ 7701/2017 => PL 8132/2017;06/12/2017
2162566;REQ 7704/2017 => PL 9086/2017;22/11/2017
2163629;REQ 7790/2017 => PL 9206/2017;29/11/2017
2164134;PL 9247/2017;06/12/2017
2164332;REQ 7828/2017 => PL 9247/2017;06/12/2017
2166527;REQ 7946/2017 => PLP 459/2017;19/12/2017
15318;PL 333/1999;21/03/2018
15318;PL 333/1999;27/03/2018
15318;PL 333/1999;27/03/2018
16713;PL 1428/1999;20/06/2018
16713;PL 1428/1999;20/06/2018
109150;PL 595/2003;13/03/2018
353631;PL 1202/2007;04/04/2018
353631;PL 1202/2007;04/04/2018
542102;PL 3734/2012;10/04/2018
542102;PL 3734/2012;10/04/2018
542102;PL 3734/2012;10/04/2018
542102;PL 3734/2012;11/04/2018
542102;PL 3734/2012;11/04/2018
542102;PL 3734/2012;11/04/2018
542102;PL 3734/2012;11/04/2018
542102;PL 3734/2012;11/04/2018
542102;PL 3734/2012;11/04/2018
542102;PL 3734/2012;11/04/2018
542102;PL 3734/2012;11/04/2018
604888;PL 7005/2013;06/03/2018
622360;PLP 420/2014;11/12/2018
1214970;PL 1220/2015;06/06/2018
1214970;PL 1220/2015;06/06/2018
1594899;PLP 137/2015;06/06/2018
2082293;PLP 270/2016;04/12/2018
2082293;PLP 270/2016;05/12/2018
2088280;PL 5587/2016;28/02/2018
2088280;PL 5587/2016;28/02/2018
2123251;REQ 7/2017 PEC28716 => PEC 287/2016;20/03/2018
2123430;REQ 7/2017 PL678716 => PL 6787/2016;20/03/2018
2124342;REQ 7/2017 PL722306 => PL 7223/2006;20/03/2018
2125841;REQ 7/2017 PL643716 => PL 6437/2016;20/03/2018
2127182;REQ 7/2017 CEXDESAP;20/03/2018
2127210;REQ 7/2017 CDHM;20/03/2018
2127414;REQ 7/2017 CETECSAU;20/03/2018
2128118;REQ 7/2017 PEC05811 => PEC 58/2011;20/03/2018
2131034;REQ 7/2017 CEXDROG;20/03/2018
2135189;REQ 7/2017 PLP22198 => PLP 221/1998;20/03/2018
2140055;REQ 7/2017 PL741906 => PL 7419/2006;20/03/2018
2140299;REQ 7/2017 PEC28216 => PEC 282/2016;20/03/2018
2142358;REQ 7/2017 CEPENITE;20/03/2018
2142691;REQ 6772/2017 => PLP 270/2016;03/07/2018
2144739;REQ 7/2017 PLP34117 => PLP 341/2017;20/03/2018
2146883;REQ 7/2017 PL230315 => PL 2303/2015;20/03/2018
2150175;REQ 7/2017 PLP51918 => PL 3139/2015;20/03/2018
2150233;REQ 7/2017 CEXHIDMG;20/03/2018
2151922;MPV 800/2017;06/02/2018
2151922;MPV 800/2017;06/02/2018
2151922;MPV 800/2017;20/02/2018
2151922;MPV 800/2017;21/02/2018
2151922;MPV 800/2017;21/02/2018
2152110;REQ 7/2017 CMO;20/03/2018
2152219;REQ 7/2017 PL672616 => PL 6726/2016;20/03/2018
2152544;MPV 801/2017 ;27/02/2018
2158425;PL 8939/2017;19/06/2018
2158425;PL 8939/2017;19/06/2018
2158425;PL 8939/2017;19/06/2018
2158425;PL 8939/2017;19/06/2018
2158425;PL 8939/2017;19/06/2018
2158425;PL 8939/2017;20/06/2018
2158425;PL 8939/2017;20/06/2018
2158425;PL 8939/2017;20/06/2018
2158425;PL 8939/2017;20/06/2018
2158425;PL 8939/2017;20/06/2018
2158425;PL 8939/2017;20/06/2018
2158425;PL 8939/2017;20/06/2018
2158425;PL 8939/2017;04/07/2018
2158425;PL 8939/2017;04/07/2018
2158425;PL 8939/2017;04/07/2018
2159612;REQ 7/2017 PL845617 => PL 8456/2017;20/03/2018
2160639;REQ 7635/2017 => PL 7223/2006;27/11/2018
2160860;PLP 441/2017;18/04/2018
2160860;PLP 441/2017;18/04/2018
2160860;PLP 441/2017;18/04/2018
2160860;PLP 441/2017;18/04/2018
2160860;PLP 441/2017;09/05/2018
2160860;PLP 441/2017;09/05/2018
2160860;PLP 441/2017;13/06/2018
2160860;PLP 441/2017;11/07/2018
2162038;REQ 7/2017 CEECON;20/03/2018
2164234;MPV 809/2017 ;17/04/2018
2164234;MPV 809/2017 ;17/04/2018
2164234;MPV 809/2017 ;17/04/2018
2164234;MPV 809/2017 ;18/04/2018
2164234;MPV 809/2017 ;24/04/2018
2164234;MPV 809/2017 ;24/04/2018
2164234;MPV 809/2017 ;24/04/2018
2164234;MPV 809/2017 ;24/04/2018
2164234;MPV 809/2017 ;24/04/2018
2164234;MPV 809/2017 ;24/04/2018
2164234;MPV 809/2017 ;25/04/2018
2164234;MPV 809/2017 ;25/04/2018
2164234;MPV 809/2017 ;25/04/2018
2164234;MPV 809/2017 ;25/04/2018
2164234;MPV 809/2017 ;25/04/2018
2164234;MPV 809/2017 ;25/04/2018
2164596;REQ 7835/2017 => PL 8939/2017;13/06/2018
2165578;MPV 810/2017;02/05/2018
2165578;MPV 810/2017;08/05/2018
2165578;MPV 810/2017;08/05/2018
2165578;MPV 810/2017;08/05/2018
2166092;PL 9327/2017;06/06/2018
2166260;REQ 7934/2017 => PL 8456/2017;21/03/2018
2166464;PLP 459/2017;12/12/2018
2167507;MPV 811/2017;15/05/2018
2167507;MPV 811/2017;15/05/2018
2167507;MPV 811/2017;15/05/2018
2167507;MPV 811/2017;15/05/2018
2167507;MPV 811/2017;16/05/2018
2167507;MPV 811/2017;16/05/2018
2167507;MPV 811/2017;16/05/2018
2167507;MPV 811/2017;16/05/2018
2167507;MPV 811/2017;16/05/2018
2167507;MPV 811/2017;16/05/2018
2167507;MPV 811/2017;16/05/2018
2167507;MPV 811/2017;16/05/2018
2167507;MPV 811/2017;16/05/2018
2167507;MPV 811/2017;16/05/2018
2167543;MPV 812/2017;22/05/2018
2167938;MSC 80/2018;19/02/2018
2167938;MSC 80/2018;19/02/2018
2168064;PDC 886/2018;20/02/2018
2168064;PDC 886/2018;20/02/2018
2168064;PDC 886/2018;20/02/2018
2168064;PDC 886/2018;20/02/2018
2168386;MPV 821/2018 ;13/06/2018
2169217;REQ 8239/2018 => PL 3734/2012;14/03/2018
2169397;REQ 8267/2018 => PLP 470/2018;21/03/2018
2170090;REQ 8320/2018 => PLP 137/2015;16/05/2018
2170483;REQ 8336/2018 => PLP 441/2017;27/03/2018
2172084;PLN 2/2018 CN;11/07/2018
2172806;PLN 5/2018 CN;25/04/2018
2173096;REQ 8486/2018 => PDC 916/2018;20/06/2018
2173291;REQ 8498/2018 => PL 9557/2018;09/05/2018
2173523;PLN 7/2018 CN;15/05/2018
2173640;PLN 8/2018 CN;02/05/2018
2173680;PLP 500/2018;20/06/2018
2173680;PLP 500/2018;25/06/2018
2173759;REQ 8525/2018 => PDC 920/2018;09/05/2018
2174273;REQ 8589/2018 => PLP 22/2011;29/05/2018
2175597;REQ 8676/2018 => PL 9327/2017;28/05/2018
2177118;REQ 8760/2018 => PL 10316/2018;13/06/2018
2177451;PL 10332/2018;04/07/2018
2177451;PL 10332/2018;04/07/2018
2177451;PL 10332/2018;04/07/2018
2177451;PL 10332/2018;04/07/2018
2177451;PL 10332/2018;04/07/2018
2177451;PL 10332/2018;04/07/2018
2177451;PL 10332/2018;04/07/2018
2177451;PL 10332/2018;10/07/2018
2177451;PL 10332/2018;10/07/2018
2177451;PL 10332/2018;10/07/2018
2177451;PL 10332/2018;10/07/2018
2177451;PL 10332/2018;10/07/2018
2180055;PLN 13/2018 CN;11/07/2018
2180608;REQ 8988/2018 => PL 10332/2018;03/07/2018
2180710;REQ 8994/2018 => PL 121/1999;03/07/2018
2181260;MPV 843/2018 ;07/11/2018
2181260;MPV 843/2018 ;07/11/2018
2181260;MPV 843/2018 ;07/11/2018
2181260;MPV 843/2018 ;07/11/2018
2182065;MPV 845/2018 ;21/11/2018
2182065;MPV 845/2018 ;21/11/2018
2182535;REC 322/2018 => PL 6621/2016;27/11/2018
2182535;REC 322/2018 => PL 6621/2016;27/11/2018
2183306;MPV 848/2018 ;30/10/2018
2183306;MPV 848/2018 ;30/10/2018
2186530;REQ 9249/2018 => PLP 459/2017;20/11/2018
2186777;PLP 549/2018;21/11/2018
2186777;PLP 549/2018;21/11/2018
2186805;REQ 9264/2018 => PL 10431/2018;20/11/2018
2187020;REQ 9276/2018 => PL 10107/2018;27/11/2018
2189085;PDC 1105/2018;11/12/2018
16526;PL 1292/1995;17/06/2019
16526;PL 1292/1995;17/06/2019
16526;PL 1292/1995;11/09/2019
16526;PL 1292/1995;11/09/2019
16526;PL 1292/1995;11/09/2019
16526;PL 1292/1995;11/09/2019
16526;PL 1292/1995;17/09/2019
28692;PL 4742/2001;12/03/2019
28692;PL 4742/2001;12/03/2019
358126;PL 1481/2007;09/12/2019
358126;PL 1481/2007;09/12/2019
516111;PEC 70/2011;05/06/2019
516111;PEC 70/2011;05/06/2019
516111;PEC 70/2011;05/06/2019
946494;PEC 2/2015;26/03/2019
946494;PEC 2/2015;26/03/2019
946494;PEC 2/2015;26/03/2019
946494;PEC 2/2015;26/03/2019
946494;PEC 2/2015;26/03/2019
1672576;PL 2724/2015;19/03/2019
1672576;PL 2724/2015;19/03/2019
1672576;PL 2724/2015;19/03/2019
1672576;PL 2724/2015;20/03/2019
1672576;PL 2724/2015;20/03/2019
1672576;PL 2724/2015;20/03/2019
1672576;PL 2724/2015;20/03/2019
1672576;PL 2724/2015;20/03/2019
1672576;PL 2724/2015;20/03/2019
1672576;PL 2724/2015;20/03/2019
1672576;PL 2724/2015;20/03/2019
1672576;PL 2724/2015;20/03/2019
1672576;PL 2724/2015;26/03/2019
1672576;PL 2724/2015;26/03/2019
1672576;PL 2724/2015;26/03/2019
2075448;PL 4067/2015;26/11/2019
2082511;PL 5082/2016;27/11/2019
2083376;PDC 379/2016;14/02/2019
2136580;PL 7596/2017;14/08/2019
2147241;PL 8240/2017;09/07/2019
2147241;PL 8240/2017;09/07/2019
2147241;PL 8240/2017;09/07/2019
2147241;PL 8240/2017;09/07/2019
2147241;PL 8240/2017;09/07/2019
2147241;PL 8240/2017;09/07/2019
2147241;PL 8240/2017;20/08/2019
2147241;PL 8240/2017;20/08/2019
2147241;PL 8240/2017;20/08/2019
2158536;REQ 7516/2017 => PL 8240/2017;09/07/2019
2158716;PEC 372/2017;09/10/2019
2158716;PEC 372/2017;06/11/2019
2158716;PEC 372/2017;06/11/2019
2160860;PLP 441/2017;19/02/2019
2160860;PLP 441/2017;19/02/2019
2160860;PLP 441/2017;20/02/2019
2160860;PLP 441/2017;20/02/2019
2160860;PLP 441/2017;20/02/2019
2160860;PLP 441/2017;20/02/2019
2160860;PLP 441/2017;20/02/2019
2160860;PLP 441/2017;20/02/2019
2160860;PLP 441/2017;20/02/2019
2160860;PLP 441/2017;20/02/2019
2160860;PLP 441/2017;20/02/2019
2160860;PLP 441/2017;20/02/2019
2163986;REQ 7809/2017 => PL 7789/2017;16/10/2019
2164719;REQ 7844/2017 => PL 7843/2017;16/10/2019
2165194;PEC 391/2017;17/12/2019
2165194;PEC 391/2017;17/12/2019
2165194;PEC 391/2017;17/12/2019
2165194;PEC 391/2017;17/12/2019
2166600;PLP 461/2017;02/12/2019
2166600;PLP 461/2017;02/12/2019
2166600;PLP 461/2017;17/12/2019
2166600;PLP 461/2017;17/12/2019
2166600;PLP 461/2017;17/12/2019
2178170;PL 10372/2018;04/12/2019
2178170;PL 10372/2018;04/12/2019
2179189;PL 10431/2018;12/02/2019
2179189;PL 10431/2018;12/02/2019
2183943;MPV 852/2018;13/02/2019
2186621;PL 10985/2018;26/06/2019
2186621;PL 10985/2018;26/06/2019
2186621;PL 10985/2018;26/06/2019
2187087;PL 5029/2019 (N Anterior: PL 11021/2018);18/09/2019
2187087;PL 5029/2019 (N Anterior: PL 11021/2018);18/09/2019
2187087;PL 5029/2019 (N Anterior: PL 11021/2018);18/09/2019
2187087;PL 5029/2019 (N Anterior: PL 11021/2018);18/09/2019
2187087;PL 5029/2019 (N Anterior: PL 11021/2018);18/09/2019
2187087;PL 5029/2019 (N Anterior: PL 11021/2018);18/09/2019
2187087;PL 5029/2019 (N Anterior: PL 11021/2018);18/09/2019
2187087;PL 5029/2019 (N Anterior: PL 11021/2018);18/09/2019
2187087;PL 5029/2019 (N Anterior: PL 11021/2018);18/09/2019
2187087;PL 5029/2019 (N Anterior: PL 11021/2018);18/09/2019
2187087;PL 5029/2019 (N Anterior: PL 11021/2018);18/09/2019
2187087;PL 5029/2019 (N Anterior: PL 11021/2018);18/09/2019
2187087;PL 5029/2019 (N Anterior: PL 11021/2018);18/09/2019
2188301;MPV 861/2018 ;07/05/2019
2188301;MPV 861/2018 ;07/05/2019
2188301;MPV 861/2018 ;07/05/2019
2188301;MPV 861/2018 ;07/05/2019
2188301;MPV 861/2018 ;07/05/2019
2188301;MPV 861/2018 ;07/05/2019
2188301;MPV 861/2018 ;07/05/2019
2188301;MPV 861/2018 ;07/05/2019
2188301;MPV 861/2018 ;07/05/2019
2189858;MPV 863/2018 ;21/05/2019
2189858;MPV 863/2018 ;21/05/2019
2189858;MPV 863/2018 ;21/05/2019
2189858;MPV 863/2018 ;21/05/2019
2189858;MPV 863/2018 ;21/05/2019
2190190;MPV 866/2018 ;25/09/2019
2190237;MPV 867/2018 ;28/05/2019
2190237;MPV 867/2018 ;28/05/2019
2190237;MPV 867/2018 ;28/05/2019
2190237;MPV 867/2018 ;28/05/2019
2190237;MPV 867/2018 ;28/05/2019
2190237;MPV 867/2018 ;28/05/2019
2190237;MPV 867/2018 ;28/05/2019
2190237;MPV 867/2018 ;29/05/2019
2190237;MPV 867/2018 ;29/05/2019
2190237;MPV 867/2018 ;29/05/2019
2190237;MPV 867/2018 ;29/05/2019
2190237;MPV 867/2018 ;29/05/2019
2190237;MPV 867/2018 ;29/05/2019
2190237;MPV 867/2018 ;29/05/2019
2190237;MPV 867/2018 ;29/05/2019
2190237;MPV 867/2018 ;29/05/2019
2190237;MPV 867/2018 ;29/05/2019
2190237;MPV 867/2018 ;29/05/2019
2190237;MPV 867/2018 ;29/05/2019
2190237;MPV 867/2018 ;29/05/2019
2190237;MPV 867/2018 ;29/05/2019
2190237;MPV 867/2018 ;29/05/2019
2190237;MPV 867/2018 ;29/05/2019
2190288;MPV 870/2019 ;22/05/2019
2190288;MPV 870/2019 ;22/05/2019
2190355;MPV 871/2019 ;29/05/2019
2190355;MPV 871/2019 ;29/05/2019
2190355;MPV 871/2019 ;29/05/2019
2190355;MPV 871/2019 ;29/05/2019
2190355;MPV 871/2019 ;29/05/2019
2190880;PDL 3/2019;19/02/2019
2192300;REQ 482/2019 => PDL 3/2019;19/02/2019
2192459;PEC 6/2019;09/07/2019
2192459;PEC 6/2019;09/07/2019
2192459;PEC 6/2019;10/07/2019
2192459;PEC 6/2019;10/07/2019
2192459;PEC 6/2019;10/07/2019
2192459;PEC 6/2019;10/07/2019
2192459;PEC 6/2019;10/07/2019
2192459;PEC 6/2019;10/07/2019
2192459;PEC 6/2019;10/07/2019
2192459;PEC 6/2019;10/07/2019
2192459;PEC 6/2019;11/07/2019
2192459;PEC 6/2019;11/07/2019
2192459;PEC 6/2019;11/07/2019
2192459;PEC 6/2019;11/07/2019
2192459;PEC 6/2019;11/07/2019
2192459;PEC 6/2019;11/07/2019
2192459;PEC 6/2019;12/07/2019
2192459;PEC 6/2019;12/07/2019
2192459;PEC 6/2019;12/07/2019
2192459;PEC 6/2019;12/07/2019
2192459;PEC 6/2019;12/07/2019
2192459;PEC 6/2019;12/07/2019
2192459;PEC 6/2019;12/07/2019
2192459;PEC 6/2019;12/07/2019
2192459;PEC 6/2019;12/07/2019
2192459;PEC 6/2019;12/07/2019
2192459;PEC 6/2019;12/07/2019
2192459;PEC 6/2019;06/08/2019
2192459;PEC 6/2019;06/08/2019
2192459;PEC 6/2019;06/08/2019
2192459;PEC 6/2019;06/08/2019
2192459;PEC 6/2019;06/08/2019
2192459;PEC 6/2019;06/08/2019
2192459;PEC 6/2019;06/08/2019
2192459;PEC 6/2019;07/08/2019
2192459;PEC 6/2019;07/08/2019
2192459;PEC 6/2019;07/08/2019
2192459;PEC 6/2019;07/08/2019
2192459;PEC 6/2019;07/08/2019
2192459;PEC 6/2019;07/08/2019
2192459;PEC 6/2019;07/08/2019
2192459;PEC 6/2019;07/08/2019
2192459;PEC 6/2019;07/08/2019
2192459;PEC 6/2019;07/08/2019
2193540;PL 1321/2019;02/04/2019
2193540;PL 1321/2019;24/04/2019
2193564;PLP 55/2019;08/05/2019
2193564;PLP 55/2019;08/05/2019
2193564;PLP 55/2019;08/05/2019
2193564;PLP 55/2019;08/05/2019
2193696;PLN 2/2019 CN;03/07/2019
2194124;PLN 4/2019 CN;11/06/2019
2194124;PLN 4/2019 CN;11/06/2019
2194357;REQ 829/2019 => PL 888/2019;26/03/2019
2194540;REQ 844/2019 => PLP 55/2019;26/03/2019
2197160;PEC 34/2019;05/06/2019
2197160;PEC 34/2019;05/06/2019
2197160;PEC 34/2019;05/06/2019
2197160;PEC 34/2019;05/06/2019
2197160;PEC 34/2019;05/06/2019
2197504;PEC 48/2019;19/11/2019
2197504;PEC 48/2019;19/11/2019
2198229;PLN 5/2019 CN;09/10/2019
2199310;MPV 879/2019 ;20/08/2019
2199310;MPV 879/2019 ;20/08/2019
2199310;MPV 879/2019 ;20/08/2019
2199310;MPV 879/2019 ;20/08/2019
2199310;MPV 879/2019 ;20/08/2019
2199310;MPV 879/2019 ;20/08/2019
2199763;MPV 881/2019;13/08/2019
2199763;MPV 881/2019;13/08/2019
2199763;MPV 881/2019;13/08/2019
2199763;MPV 881/2019;13/08/2019
2199763;MPV 881/2019;13/08/2019
2199763;MPV 881/2019;14/08/2019
2199763;MPV 881/2019;14/08/2019
2199763;MPV 881/2019;14/08/2019
2199763;MPV 881/2019;14/08/2019
2199763;MPV 881/2019;14/08/2019
2199763;MPV 881/2019;14/08/2019
2199763;MPV 881/2019;14/08/2019
2199763;MPV 881/2019;14/08/2019
2200900;REQ 1442/2019 => PL 10940/2018;06/11/2019
2201529;PL 2787/2019;25/06/2019
2201532;PL 2788/2019;25/06/2019
2201532;PL 2788/2019;25/06/2019
2202987;PLN 6/2019 CN;08/10/2019
2202987;PLN 6/2019 CN;08/10/2019
2202987;PLN 6/2019 CN;08/10/2019
2203106;REQ 1464/2019;14/05/2019
2204056;PL 2999/2019;27/08/2019
2204056;PL 2999/2019;27/08/2019
2204056;PL 2999/2019;27/08/2019
2204056;PL 2999/2019;03/09/2019
2204056;PL 2999/2019;03/09/2019
2204056;PL 2999/2019;03/09/2019
2207613;PL 3261/2019;11/12/2019
2207613;PL 3261/2019;11/12/2019
2207613;PL 3261/2019;11/12/2019
2207613;PL 3261/2019;11/12/2019
2207613;PL 3261/2019;11/12/2019
2207613;PL 3261/2019;11/12/2019
2207613;PL 3261/2019;11/12/2019
2207613;PL 3261/2019;11/12/2019
2207613;PL 3261/2019;11/12/2019
2207613;PL 3261/2019;17/12/2019
2207613;PL 3261/2019;17/12/2019
2207613;PL 3261/2019;17/12/2019
2207613;PL 3261/2019;17/12/2019
2207613;PL 3261/2019;17/12/2019
2207613;PL 3261/2019;17/12/2019
2208720;MPV 886/2019 ;15/10/2019
2208720;MPV 886/2019 ;15/10/2019
2208720;MPV 886/2019 ;15/10/2019
2208720;MPV 886/2019 ;15/10/2019
2208720;MPV 886/2019 ;15/10/2019
2208720;MPV 886/2019 ;15/10/2019
2208720;MPV 886/2019 ;15/10/2019
2209381;PL 3723/2019;29/10/2019
2209381;PL 3723/2019;30/10/2019
2209381;PL 3723/2019;05/11/2019
2209381;PL 3723/2019;05/11/2019
2209381;PL 3723/2019;05/11/2019
2209381;PL 3723/2019;05/11/2019
2209722;REQ 1844/2019;20/11/2019
2210523;PL 3715/2019;21/08/2019
2210523;PL 3715/2019;21/08/2019
2210523;PL 3715/2019;21/08/2019
2210523;PL 3715/2019;21/08/2019
2210523;PL 3715/2019;21/08/2019
2210523;PL 3715/2019;21/08/2019
2210523;PL 3715/2019;21/08/2019
2210523;PL 3715/2019;21/08/2019
2210523;PL 3715/2019;21/08/2019
2212362;PL 4121/2019;02/10/2019
2212949;MPV 889/2019;06/11/2019
2212949;MPV 889/2019;06/11/2019
2212949;MPV 889/2019;06/11/2019
2213191;MPV 890/2019;26/11/2019
2213191;MPV 890/2019;26/11/2019
2213191;MPV 890/2019;26/11/2019
2213191;MPV 890/2019;26/11/2019
2213191;MPV 890/2019;26/11/2019
2213191;MPV 890/2019;26/11/2019
2213191;MPV 890/2019;26/11/2019
2213191;MPV 890/2019;26/11/2019
2213191;MPV 890/2019;26/11/2019
2213191;MPV 890/2019;26/11/2019
2213200;PL 4162/2019;11/12/2019
2213200;PL 4162/2019;11/12/2019
2213200;PL 4162/2019;11/12/2019
2213200;PL 4162/2019;11/12/2019
2213200;PL 4162/2019;11/12/2019
2214046;PLN 18/2019 CN;08/10/2019
2214046;PLN 18/2019 CN;09/10/2019
2214151;REQ 2070/2019;10/09/2019
2214811;REQ 2110/2019;21/08/2019
2215146;REQ 2144/2019;14/08/2019
2215293;REQ 2157/2019;20/08/2019
2215381;REQ 2164/2019;30/10/2019
2216788;REQ 2234/2019;04/09/2019
2216799;PDL 523/2019;16/10/2019
2216799;PDL 523/2019;16/10/2019
2216799;PDL 523/2019;16/10/2019
2216799;PDL 523/2019;22/10/2019
2216799;PDL 523/2019;22/10/2019
2216799;PDL 523/2019;22/10/2019
2218078;PLN 22/2019 CN;17/12/2019
2218250;PL 4805/2019;27/11/2019
2219406;REQ 2362/2019;10/09/2019
2219905;REQ 2381/2019;17/09/2019
2222991;REQ 2568/2019;16/10/2019
2222992;REQ 2569/2019;06/11/2019
2224574;REQ 2639/2019;16/10/2019
2224760;REQ 2660/2019;09/10/2019
2226336;REQ 2759/2019;30/10/2019
2226362;REQ 2763/2019;30/10/2019
2227826;REC 55/2019;06/11/2019
2227917;PL 5815/2019;04/12/2019
2227917;PL 5815/2019;04/12/2019
2227917;PL 5815/2019;04/12/2019
2228665;PLP 223/2019;16/12/2019
2229812;REQ 2964/2019;19/11/2019
2229813;REQ 2965/2019;19/11/2019
2230573;REQ 3024/2019;27/11/2019
2231930;PLN 51/2019 CN;10/12/2019
2232173;REQ 3157/2019;04/12/2019
